PNR,SourceSystemTicketingDate,SupplierTicketingDate,SourceSystem,SupplierName,SourceSystemStatus,SupplierStatus,IsOrphan,PCC,TicketingAgentSignOn
DBY3DL,,2025-09-10T01:23:43.386+00:00,,Galileo,,Ticketed,TRUE,8JY1,ZXI7GWS
DCBPKC,,2025-09-10T05:57:16.528+00:00,,Galileo,,Ticketed,TRUE,8QV0,Z8QV0GWS
DCQ397,,2025-09-10T05:15:12.753+00:00,,Galileo,,Ticketed,TRUE,7K1J,Z7K1JGWS
DCQJ4Q,,2025-09-10T06:09:50.707+00:00,,Galileo,,Ticketed,TRUE,8JY1,Z8JY1GWS
DCQ0JW,,2025-09-10T04:56:51.369+00:00,,Galileo,,Ticketed,TRUE,8JY1,Z8JY1GWS
DCBBY1,,2025-09-10T06:13:29.785+00:00,,Galileo,,Ticketed,TRUE,8JY1,Z8JY1GWS
DCQK71,,2025-09-10T06:20:08.757+00:00,,Galileo,,Ticketed,TRUE,8JY1,Z8JY1GWS
DCM1D2,,2025-09-10T06:13:06.721+00:00,,Galileo,,Ticketed,TRUE,8JY1,Z8JY1GWS
DCQQL5,,2025-09-10T06:33:43.564+00:00,,Galileo,,Ticketed,TRUE,8JY1,Z8JY1GWS
DCQQWK,,2025-09-10T06:34:45.443+00:00,,Galileo,,Ticketed,TRUE,D40,Z3HB3GWS
DCQY47,,2025-09-10T06:56:21.781+00:00,,Galileo,,Ticketed,TRUE,8JY1,Z8JY1GWS
DCQTRQ,,2025-09-10T06:40:36.116+00:00,,Galileo,,Ticketed,TRUE,8JY1,ZXI7GWS
DCR4SQ,,2025-09-10T07:12:36.337+00:00,,Galileo,,Ticketed,TRUE,8JY1,Z8JY1GWS
DCQXF1,,2025-09-10T06:57:15.636+00:00,,Galileo,,Ticketed,TRUE,8JY1,Z8JY1GWS
DCR1T3,,2025-09-10T07:02:30.818+00:00,,Galileo,,Ticketed,TRUE,8JY1,Z8JY1GWS
DCJKGF,,2025-09-10T07:20:21.636+00:00,,Galileo,,Ticketed,TRUE,D40,Z3HB3GWS
DCR5RZ,,2025-09-10T07:17:43.766+00:00,,Galileo,,Ticketed,TRUE,8JY1,Z8JY1GWS
DC79NN,,2025-09-10T07:29:07.050+00:00,,Galileo,,Ticketed,TRUE,8QV0,Z8QV0GWS
DCC7RJ,,2025-09-10T07:20:12.963+00:00,,Galileo,,Ticketed,TRUE,8JY1,ZXI7GWS
DC7BLD,,2025-09-10T07:21:12.271+00:00,,Galileo,,Ticketed,TRUE,8QV0,Z8QV0GWS
DCRBJ5,,2025-09-10T07:30:43.328+00:00,,Galileo,,Ticketed,TRUE,8JY1,ZXI7GWS
DC9Y5J,,2025-09-10T07:31:46.732+00:00,,Galileo,,Ticketed,TRUE,8JY1,Z8JY1GWS
DCKHFL,,2025-09-10T07:38:09.626+00:00,,Galileo,,Ticketed,TRUE,8JY1,Z8JY1GWS
DCQ1VV,,2025-09-10T07:45:08.455+00:00,,Galileo,,Ticketed,TRUE,8JY1,ZXI7GWS
DCD7M9,,2025-09-10T07:48:40.503+00:00,,Galileo,,Ticketed,TRUE,D40,Z3HB3GWS
DCRQ00,,2025-09-10T08:00:13.273+00:00,,Galileo,,Ticketed,TRUE,D40,Z3HB3GWS
DCRQ1G,,2025-09-10T08:01:13.454+00:00,,Galileo,,Ticketed,TRUE,8JY1,ZXI7GWS
DCRS8V,,2025-09-10T08:03:53.353+00:00,,Galileo,,Ticketed,TRUE,52AU,Z52AUGWS
DCRTD2,,2025-09-10T08:08:10.647+00:00,,Galileo,,Ticketed,TRUE,8JY1,Z8JY1GWS
DCDXTX,,2025-09-10T08:39:00.048+00:00,,Galileo,,Ticketed,TRUE,8JY1,ZXI7GWS
DCSHXP,,2025-09-10T08:59:50.302+00:00,,Galileo,,Ticketed,TRUE,8JY1,ZXI7GWS
DCSNNZ,,2025-09-10T09:09:01.585+00:00,,Galileo,,Ticketed,TRUE,8JY1,Z8JY1GWS
DCSJ34,,2025-09-10T09:00:31.907+00:00,,Galileo,,Ticketed,TRUE,8JY1,ZXI7GWS
DBQHPC,,2025-09-10T08:21:57.961+00:00,,Galileo,,Ticketed,TRUE,D40,Z3HB3GWS
DCSTKZ,,2025-09-10T09:21:19.765+00:00,,Galileo,,Ticketed,TRUE,8JY1,ZXI7GWS
DCSMYT,,2025-09-10T09:22:48.800+00:00,,Galileo,,Ticketed,TRUE,D40,Z3HB3GWS
DCSXRM,,2025-09-10T09:29:05.592+00:00,,Galileo,,Ticketed,TRUE,8JY1,Z8JY1GWS
DCSJ6R,,2025-09-10T08:57:38.654+00:00,,Galileo,,Ticketed,TRUE,8QV0,Z8QV0GWS
DCSWDM,,2025-09-10T09:30:15.999+00:00,,Galileo,,Ticketed,TRUE,8JY1,ZXI7GWS
DCSX8X,,2025-09-10T09:37:50.024+00:00,,Galileo,,Ticketed,TRUE,8JY1,ZXI7GWS
DCT5W0,,2025-09-10T09:47:42.703+00:00,,Galileo,,Ticketed,TRUE,8JY1,Z8JY1GWS
DCT6PL,,2025-09-10T09:45:43.879+00:00,,Galileo,,Ticketed,TRUE,52AU,Z52AUGWS
DCT9QT,,2025-09-10T09:58:20.355+00:00,,Galileo,,Ticketed,TRUE,8JY1,Z8JY1GWS
DC7NWZ,,2025-09-10T09:55:44.636+00:00,,Galileo,,Ticketed,TRUE,8JY1,Z8JY1GWS
DCTFQ9,,2025-09-10T10:21:17.338+00:00,,Galileo,,Ticketed,TRUE,D40,Z3HB3GWS
DCTMZ2,,2025-09-10T10:21:56.066+00:00,,Galileo,,Ticketed,TRUE,8QV0,Z8QV0GWS
DCTQLM,,2025-09-10T10:33:04.840+00:00,,Galileo,,Ticketed,TRUE,8JY1,Z8JY1GWS
DCKBY3,,2025-09-10T10:35:42.029+00:00,,Galileo,,Ticketed,TRUE,8JY1,ZXI7GWS
DCLZHK,,2025-09-10T09:58:42.614+00:00,,Galileo,,Ticketed,TRUE,8JY1,Z8JY1GWS
DCCMN8,,2025-09-10T10:39:47.063+00:00,,Galileo,,Ticketed,TRUE,8JY1,Z8JY1GWS
DCVCGW,,2025-09-10T11:17:46.430+00:00,,Galileo,,Ticketed,TRUE,D40,Z3HB3GWS
DCVJCN,,2025-09-10T11:44:07.090+00:00,,Galileo,,Ticketed,TRUE,D40,ZWV5GWS
DCW0HJ,,2025-09-10T12:23:51.167+00:00,,Galileo,,Ticketed,TRUE,D40,Z3HB3GWS
DCTYSR,,2025-09-10T10:40:15.260+00:00,,Galileo,,Ticketed,TRUE,8QV0,Z8QV0GWS
DCW2FW,,2025-09-10T12:27:25.597+00:00,,Galileo,,Ticketed,TRUE,D40,Z3HB3GWS
DCW936,,2025-09-10T12:26:48.210+00:00,,Galileo,,Ticketed,TRUE,8JY1,ZXI7GWS
DCF7Y7,,2025-09-10T10:20:32.659+00:00,,Galileo,,Ticketed,TRUE,,
DCT7B0,,2025-09-10T12:50:39.354+00:00,,Galileo,,Ticketed,TRUE,D40,ZWV5GWS
DCWRBZ,,2025-09-10T13:01:46.316+00:00,,Galileo,,Ticketed,TRUE,8JY1,Z8JY1GWS
DCX6DZ,,2025-09-10T13:52:06.341+00:00,,Galileo,,Ticketed,TRUE,D40,ZWV5GWS
DCXFTS,,2025-09-10T13:57:20.873+00:00,,Galileo,,Ticketed,TRUE,8JY1,ZXI7GWS
DCXDP2,,2025-09-10T13:57:42.032+00:00,,Galileo,,Ticketed,TRUE,8JY1,Z8JY1GWS
DCXHFG,,2025-09-10T13:58:15.331+00:00,,Galileo,,Ticketed,TRUE,8JY1,Z8JY1GWS
DCXKKX,,2025-09-10T14:01:37.217+00:00,,Galileo,,Ticketed,TRUE,8JY1,ZXI7GWS
DCXMFH,,2025-09-10T14:04:48.122+00:00,,Galileo,,Ticketed,TRUE,8JY1,ZXI7GWS
DCW9YP,,2025-09-10T12:32:55.495+00:00,,Galileo,,Ticketed,TRUE,8JY1,Z8JY1GWS
DCWL11,,2025-09-10T12:48:40.352+00:00,,Galileo,,Ticketed,TRUE,D40,Z3HB3GWS
DCXM9P,,2025-09-10T14:05:21.665+00:00,,Galileo,,Ticketed,TRUE,8JY1,ZXI7GWS
DCXM5Q,,2025-09-10T14:10:04.993+00:00,,Galileo,,Ticketed,TRUE,8QV0,Z8QV0GWS
DCQDPB,,2025-09-10T05:53:47.921+00:00,,Galileo,,Ticketed,TRUE,8JY1,Z8JY1GWS
DCWZDD,,2025-09-10T14:10:48.377+00:00,,Galileo,,Ticketed,TRUE,D40,Z3HB3GWS
DCXB2Q,,2025-09-10T14:14:17.814+00:00,,Galileo,,Ticketed,TRUE,D40,Z3HB3GWS
DCXSMW,,2025-09-10T14:20:27.727+00:00,,Galileo,,Ticketed,TRUE,8JY1,Z8JY1GWS
DCXPZH,,2025-09-10T14:18:39.018+00:00,,Galileo,,Ticketed,TRUE,8JY1,Z8JY1GWS
DCXWBW,,2025-09-10T14:25:23.097+00:00,,Galileo,,Ticketed,TRUE,8M13,Z8JY1GWS
DCXXGQ,,2025-09-10T14:26:52.067+00:00,,Galileo,,Ticketed,TRUE,8JY1,ZXI7GWS
DCXXJN,,2025-09-10T14:27:19.089+00:00,,Galileo,,Ticketed,TRUE,8JY1,ZXI7GWS
DCY68F,,2025-09-10T14:48:54.252+00:00,,Galileo,,Ticketed,TRUE,8JY1,ZXI7GWS
DCY85X,,2025-09-10T14:56:49.679+00:00,,Galileo,,Ticketed,TRUE,D40,Z3HB3GWS
DCY2QH,,2025-09-10T14:40:04.598+00:00,,Galileo,,Ticketed,TRUE,8JY1,Z8JY1GWS
DCY6G6,,2025-09-10T14:57:40.421+00:00,,Galileo,,Ticketed,TRUE,D40,Z3HB3GWS
DCYG1K,,2025-09-10T15:10:01.687+00:00,,Galileo,,Ticketed,TRUE,D40,Z3HB3GWS
DCYFT3,,2025-09-10T15:09:59.034+00:00,,Galileo,,Ticketed,TRUE,8JY1,ZXI7GWS
DCS3SP,,2025-09-10T08:29:27.383+00:00,,Galileo,,Ticketed,TRUE,8QV0,Z8QV0GWS
DCY0GG,,2025-09-10T14:33:12.730+00:00,,Galileo,,Ticketed,TRUE,52AU,Z52AUGWS
DCYHJX,,2025-09-10T15:14:21.276+00:00,,Galileo,,Ticketed,TRUE,8QV0,Z8QV0GWS
DCYJT4,,2025-09-10T15:18:59.847+00:00,,Galileo,,Ticketed,TRUE,D40,Z3HB3GWS
DCYNLD,,2025-09-10T15:31:18.840+00:00,,Galileo,,Ticketed,TRUE,8QV0,Z8QV0GWS
DCYP6V,,2025-09-10T15:36:57.113+00:00,,Galileo,,Ticketed,TRUE,8JY1,ZXI7GWS
DCYQCR,,2025-09-10T15:30:48.468+00:00,,Galileo,,Ticketed,TRUE,8QV0,Z8QV0GWS
DCYQPZ,,2025-09-10T15:30:22.455+00:00,,Galileo,,Ticketed,TRUE,52AU,Z52AUGWS
DCYRF5,,2025-09-10T15:42:33.422+00:00,,Galileo,,Ticketed,TRUE,8JY1,ZXI7GWS
DCYH3H,,2025-09-10T15:42:38.721+00:00,,Galileo,,Ticketed,TRUE,D40,ZWV5GWS
DCZ5N7,,2025-09-10T16:10:38.244+00:00,,Galileo,,Ticketed,TRUE,8JY1,ZXI7GWS
DCZ47H,,2025-09-10T16:05:43.284+00:00,,Galileo,,Ticketed,TRUE,8QV0,Z8QV0GWS
DCYMQK,,2025-09-10T16:26:40.890+00:00,,Galileo,,Ticketed,TRUE,D40,Z3HB3GWS
DCZDK9,,2025-09-10T16:47:49.427+00:00,,Galileo,,Ticketed,TRUE,D40,Z3HB3GWS
DCZL09,,2025-09-10T16:58:32.410+00:00,,Galileo,,Ticketed,TRUE,8QV0,Z8QV0GWS
DCZK3K,,2025-09-10T16:53:18.640+00:00,,Galileo,,Ticketed,TRUE,D40,ZWV5GWS
DCLXX9,,2025-09-10T17:02:20.062+00:00,,Galileo,,Ticketed,TRUE,D40,ZWV5GWS
DCZNNN,,2025-09-10T17:02:58.945+00:00,,Galileo,,Ticketed,TRUE,8JY1,Z8JY1GWS
DCZGQQ,,2025-09-10T16:40:37.362+00:00,,Galileo,,Ticketed,TRUE,8JY1,ZXI7GWS
DCZGJ6,,2025-09-10T16:37:42.249+00:00,,Galileo,,Ticketed,TRUE,WV5,ZWV5GWS
DCZMFT,,2025-09-10T17:03:28.655+00:00,,Galileo,,Ticketed,TRUE,8JY1,ZXI7GWS
DCZNM7,,2025-09-10T17:06:10.974+00:00,,Galileo,,Ticketed,TRUE,8JY1,ZXI7GWS
DC6LK4,,2025-09-10T17:08:09.639+00:00,,Galileo,,Ticketed,TRUE,D40,ZWV5GWS
DC6MLB,,2025-09-10T17:09:28.277+00:00,,Galileo,,Ticketed,TRUE,D40,ZWV5GWS
DCZSGG,,2025-09-10T17:14:51.376+00:00,,Galileo,,Ticketed,TRUE,8JY1,Z8JY1GWS
DCXNRD,,2025-09-10T17:18:43.591+00:00,,Galileo,,Ticketed,TRUE,D40,Z3HB3GWS
DC6NL5,,2025-09-10T17:16:28.422+00:00,,Galileo,,Ticketed,TRUE,D40,ZWV5GWS
DBDZ95,,2025-09-10T17:20:13.753+00:00,,Galileo,,Ticketed,TRUE,D40,ZWV5GWS
DBTYPC,,2025-09-10T17:27:10.350+00:00,,Galileo,,Ticketed,TRUE,D40,ZWV5GWS
DBMKPW,,2025-09-10T17:35:17.397+00:00,,Galileo,,Ticketed,TRUE,D40,ZWV5GWS
DCZXRZ,,2025-09-10T17:34:06.849+00:00,,Galileo,,Ticketed,TRUE,D40,ZWV5GWS
DCZWPF,,2025-09-10T17:36:10.968+00:00,,Galileo,,Ticketed,TRUE,8JY1,ZXI7GWS
DCZRM4,,2025-09-10T17:11:05.904+00:00,,Galileo,,Ticketed,TRUE,WV5,ZWV5LH
DCZXH2,,2025-09-10T17:37:09.230+00:00,,Galileo,,Ticketed,TRUE,D40,Z3HB3GWS
DCZZ6X,,2025-09-10T17:38:48.226+00:00,,Galileo,,Ticketed,TRUE,8JY1,Z8JY1GWS
DD004T,,2025-09-10T17:42:00.439+00:00,,Galileo,,Ticketed,TRUE,8QV0,Z8QV0GWS
DCLDNY,,2025-09-10T16:49:51.149+00:00,,Galileo,,Ticketed,TRUE,,
DCMDJD,,2025-09-10T17:46:06.033+00:00,,Galileo,,Ticketed,TRUE,8JY1,ZXI7GWS
DBMLD7,,2025-09-10T17:41:32.963+00:00,,Galileo,,Ticketed,TRUE,D40,ZWV5GWS
DC6PNM,,2025-09-10T17:50:22.254+00:00,,Galileo,,Ticketed,TRUE,D40,ZWV5GWS
DCM86N,,2025-09-10T17:46:37.826+00:00,,Galileo,,Ticketed,TRUE,D40,ZWV5GWS
DD03QP,,2025-09-10T17:57:59.164+00:00,,Galileo,,Ticketed,TRUE,8JY1,ZXI7GWS
DCX920,,2025-09-10T17:57:11.876+00:00,,Galileo,,Ticketed,TRUE,8QV0,Z8QV0GWS
DD0483,,2025-09-10T17:59:27.977+00:00,,Galileo,,Ticketed,TRUE,8QV0,Z8QV0GWS
DCM21X,,2025-09-10T18:06:41.147+00:00,,Galileo,,Ticketed,TRUE,8JY1,ZXI7GWS
DD0745,,2025-09-10T18:11:45.927+00:00,,Galileo,,Ticketed,TRUE,52AU,Z52AUGWS
DD072Y,,2025-09-10T18:15:52.649+00:00,,Galileo,,Ticketed,TRUE,8JY1,ZXI7GWS
DD09H0,,2025-09-10T18:26:00.425+00:00,,Galileo,,Ticketed,TRUE,8JY1,ZXI7GWS
DD0963,,2025-09-10T18:42:41.935+00:00,,Galileo,,Ticketed,TRUE,8JY1,ZXI7GWS
DBVD14,,2025-09-10T18:27:08.823+00:00,,Galileo,,Ticketed,TRUE,D40,ZWV5GWS
DCZQ62,,2025-09-10T17:14:51.725+00:00,,Galileo,,Ticketed,TRUE,D40,ZWV5GWS
DD0F7R,,2025-09-10T18:48:52.815+00:00,,Galileo,,Ticketed,TRUE,8JY1,ZXI7GWS
DD0K7C,,2025-09-10T19:04:37.155+00:00,,Galileo,,Ticketed,TRUE,8JY1,ZXI7GWS
DD0FN8,,2025-09-10T18:59:25.676+00:00,,Galileo,,Ticketed,TRUE,D40,Z3HB3GWS
DCZDC6,,2025-09-10T19:09:11.443+00:00,,Galileo,,Ticketed,TRUE,D40,Z3HB3GWS
DD0M7B,,2025-09-10T19:13:17.228+00:00,,Galileo,,Ticketed,TRUE,8JY1,Z8JY1GWS
DCYBVS,,2025-09-10T17:21:03.385+00:00,,Galileo,,Ticketed,TRUE,,
DCNR0S,,2025-09-10T00:34:04.009+00:00,,Galileo,,Ticketed,TRUE,WV5,ZWV5GWS
DCNLKJ,,2025-09-10T00:02:35.606+00:00,,Galileo,,Ticketed,TRUE,WV5,ZWV5GWS
DCNP4M,,2025-09-10T00:24:30.196+00:00,,Galileo,,Ticketed,TRUE,8QV0,Z8QV0GWS
DCNPJM,,2025-09-10T00:23:53.992+00:00,,Galileo,,Ticketed,TRUE,WV5,ZWV5GWS
DCNN1M,,2025-09-10T00:18:02.412+00:00,,Galileo,,Ticketed,TRUE,WV5,ZWV5GWS
DCNSB4,,2025-09-10T00:46:33.837+00:00,,Galileo,,Ticketed,TRUE,WV5,ZWV5GWS
DCNS9V,,2025-09-10T00:46:26.017+00:00,,Galileo,,Ticketed,TRUE,WV5,ZWV5GWS
DCNVZY,,2025-09-10T01:09:53.441+00:00,,Galileo,,Ticketed,TRUE,8JY1,Z8JY1GWS
DCNLZ5,,2025-09-10T01:13:08.902+00:00,,Galileo,,Ticketed,TRUE,8JY1,ZXI7GWS
DCNRSK,,2025-09-10T00:41:19.616+00:00,,Galileo,,Ticketed,TRUE,WV5,ZWV5GWS
DCM3CF,,2025-09-10T01:25:43.635+00:00,,Galileo,,Ticketed,TRUE,8JY1,ZXI7GWS
DCPBWW,,2025-09-10T02:54:00.336+00:00,,Galileo,,Ticketed,TRUE,WV5,ZWV5GWS
DCP6SW,,2025-09-10T02:28:54.510+00:00,,Galileo,,Ticketed,TRUE,8JY1,ZXI7GWS
DCP25K,,2025-09-10T01:56:35.465+00:00,,Galileo,,Ticketed,TRUE,8QV0,Z8QV0GWS
DCPLR6,,2025-09-10T03:45:18.277+00:00,,Galileo,,Ticketed,TRUE,8JY1,Z8JY1GWS
DCPXFP,,2025-09-10T04:45:58.099+00:00,,Galileo,,Ticketed,TRUE,8JY1,Z8JY1GWS
DCPZ2Z,,2025-09-10T04:49:32.868+00:00,,Galileo,,Ticketed,TRUE,8JY1,Z8JY1GWS
DCPQ7C,,2025-09-10T04:05:45.002+00:00,,Galileo,,Ticketed,TRUE,WV5,ZWV5GWS
DCPYH5,,2025-09-10T04:46:22.795+00:00,,Galileo,,Ticketed,TRUE,8JY1,Z8JY1GWS
DCQ1H8,,2025-09-10T05:01:32.727+00:00,,Galileo,,Ticketed,TRUE,8JY1,Z8JY1GWS
DCQ5VV,,2025-09-10T05:23:18.918+00:00,,Galileo,,Ticketed,TRUE,8JY1,Z8JY1GWS
DCQ2N6,,2025-09-10T05:07:31.339+00:00,,Galileo,,Ticketed,TRUE,8JY1,Z8JY1GWS
DCQ0DQ,,2025-09-10T04:56:18.915+00:00,,Galileo,,Ticketed,TRUE,7K1J,Z7K1JGWS
DCQ6YZ,,2025-09-10T05:28:26.168+00:00,,Galileo,,Ticketed,TRUE,8JY1,Z8JY1GWS
DCQ7W0,,2025-09-10T05:32:35.454+00:00,,Galileo,,Ticketed,TRUE,7K1J,Z7K1JGWS
DCQ8HN,,2025-09-10T05:35:25.667+00:00,,Galileo,,Ticketed,TRUE,8JY1,Z8JY1GWS
DCQ6C6,,2025-09-10T05:25:41.369+00:00,,Galileo,,Ticketed,TRUE,WV5,ZWV5GWS
DCQBQ7,,2025-09-10T05:45:35.016+00:00,,Galileo,,Ticketed,TRUE,8JY1,Z8JY1GWS
DCQCK5,,2025-09-10T05:49:08.675+00:00,,Galileo,,Ticketed,TRUE,8JY1,Z8JY1GWS
DCQCRT,,2025-09-10T05:50:03.372+00:00,,Galileo,,Ticketed,TRUE,8QV0,Z8QV0GWS
DCQDL3,,2025-09-10T05:53:24.808+00:00,,Galileo,,Ticketed,TRUE,8JY1,Z8JY1GWS
DCQD6T,,2025-09-10T05:51:57.481+00:00,,Galileo,,Ticketed,TRUE,8JY1,Z8JY1GWS
DCQDN4,,2025-09-10T05:53:39.771+00:00,,Galileo,,Ticketed,TRUE,8QV0,Z8QV0GWS
DCQFVX,,2025-09-10T05:58:36.933+00:00,,Galileo,,Ticketed,TRUE,7K1J,Z7K1JGWS
DCQGHW,,2025-09-10T06:01:10.740+00:00,,Galileo,,Ticketed,TRUE,8JY1,Z8JY1GWS
DCQJ5J,,2025-09-10T06:07:39.539+00:00,,Galileo,,Ticketed,TRUE,8JY1,Z8JY1GWS
DCQJLR,,2025-09-10T06:09:09.966+00:00,,Galileo,,Ticketed,TRUE,8JY1,Z8JY1GWS
X2EQ6V,,2025-09-10T04:24:27.968+00:00,,Galileo,,Ticketed,TRUE,,
DCQK62,,2025-09-10T06:11:14.424+00:00,,Galileo,,Ticketed,TRUE,8QV0,Z8QV0GWS
DCQK4D,,2025-09-10T06:11:00.483+00:00,,Galileo,,Ticketed,TRUE,8JY1,Z8JY1GWS
DCQN9P,,2025-09-10T06:21:52.065+00:00,,Galileo,,Ticketed,TRUE,8JY1,Z8JY1GWS
DCQNGN,,2025-09-10T06:22:25.266+00:00,,Galileo,,Ticketed,TRUE,8JY1,Z8JY1GWS
DCQPJC,,2025-09-10T06:26:12.105+00:00,,Galileo,,Ticketed,TRUE,WV5,ZWV5GWS
DCQPW8,,2025-09-10T06:27:19.510+00:00,,Galileo,,Ticketed,TRUE,8JY1,Z8JY1GWS
DCQPML,,2025-09-10T06:26:30.024+00:00,,Galileo,,Ticketed,TRUE,8QV0,Z8QV0GWS
G58IWM,,2025-09-10T05:49:52.702+00:00,,Galileo,,Ticketed,TRUE,,
DCQRFL,,2025-09-10T06:32:31.983+00:00,,Galileo,,Ticketed,TRUE,8QV0,Z8QV0GWS
DCQRJT,,2025-09-10T06:32:54.681+00:00,,Galileo,,Ticketed,TRUE,8JY1,Z8JY1GWS
DCQQHG,,2025-09-10T06:29:23.246+00:00,,Galileo,,Ticketed,TRUE,8QV0,Z8QV0GWS
DCRJ1X,,2025-09-10T07:43:12.617+00:00,,Galileo,,Ticketed,TRUE,8QV0,Z8QV0GWS
DCQRTD,,2025-09-10T06:33:53.391+00:00,,Galileo,,Ticketed,TRUE,8JY1,Z8JY1GWS
DCQT73,,2025-09-10T06:38:20.685+00:00,,Galileo,,Ticketed,TRUE,7K1J,Z7K1JGWS
B43C5M,,2025-09-10T05:57:10.960+00:00,,Galileo,,Ticketed,TRUE,,
DCQT5K,,2025-09-10T06:38:09.776+00:00,,Galileo,,Ticketed,TRUE,7K1J,Z7K1JGWS
DCQVV6,,2025-09-10T06:43:36.234+00:00,,Galileo,,Ticketed,TRUE,8QV0,Z8QV0GWS
H3TLJP,,2025-09-10T06:02:19.718+00:00,,Galileo,,Ticketed,TRUE,,
DCQW67,,2025-09-10T06:44:42.969+00:00,,Galileo,,Ticketed,TRUE,8JY1,Z8JY1GWS
DCQXZX,,2025-09-10T06:50:32.968+00:00,,Galileo,,Ticketed,TRUE,8JY1,Z8JY1GWS
DCQYK3,,2025-09-10T06:52:16.357+00:00,,Galileo,,Ticketed,TRUE,7K1J,Z7K1JGWS
DCQZS6,,2025-09-10T06:56:01.571+00:00,,Galileo,,Ticketed,TRUE,8JY1,Z8JY1GWS
DCQZSP,,2025-09-10T06:56:04.319+00:00,,Galileo,,Ticketed,TRUE,WV5,ZWV5GWS
DCR1V5,,2025-09-10T07:02:36.063+00:00,,Galileo,,Ticketed,TRUE,8JY1,Z8JY1GWS
DCR3JV,,2025-09-10T07:07:54.963+00:00,,Galileo,,Ticketed,TRUE,8JY1,Z8JY1GWS
DCR4Q7,,2025-09-10T07:11:25.664+00:00,,Galileo,,Ticketed,TRUE,8JY1,Z8JY1GWS
DCR1WW,,2025-09-10T07:02:47.724+00:00,,Galileo,,Ticketed,TRUE,WV5,ZWV5GWS
DCR4YN,,2025-09-10T07:12:07.120+00:00,,Galileo,,Ticketed,TRUE,7K1J,Z7K1JGWS
DCR5R6,,2025-09-10T07:14:31.490+00:00,,Galileo,,Ticketed,TRUE,7K1J,Z7K1JGWS
DCR503,,2025-09-10T07:15:13.376+00:00,,Galileo,,Ticketed,TRUE,7K1J,Z7K1JGWS
DCR690,,2025-09-10T07:15:55.360+00:00,,Galileo,,Ticketed,TRUE,8JY1,Z8JY1GWS
DCR65X,,2025-09-10T07:15:40.125+00:00,,Galileo,,Ticketed,TRUE,8QV0,Z8QV0GWS
DCR6DP,,2025-09-10T07:16:15.722+00:00,,Galileo,,Ticketed,TRUE,8JY1,Z8JY1GWS
DCR6HW,,2025-09-10T07:16:31.809+00:00,,Galileo,,Ticketed,TRUE,8QV0,Z8QV0GWS
DCR6G6,,2025-09-10T07:16:23.748+00:00,,Galileo,,Ticketed,TRUE,8JY1,Z8JY1GWS
DCPCXX,,2025-09-10T07:19:44.217+00:00,,Galileo,,Ticketed,TRUE,8JY1,ZXI7GWS
DCR6TR,,2025-09-10T07:17:22.731+00:00,,Galileo,,Ticketed,TRUE,7K1J,Z7K1JGWS
DCR824,,2025-09-10T07:20:49.946+00:00,,Galileo,,Ticketed,TRUE,8JY1,Z8JY1GWS
DCR8B6,,2025-09-10T07:21:35.633+00:00,,Galileo,,Ticketed,TRUE,7K1J,Z7K1JGWS
DCR8Y5,,2025-09-10T07:23:21.080+00:00,,Galileo,,Ticketed,TRUE,8JY1,Z8JY1GWS
DCR85V,,2025-09-10T07:21:10.102+00:00,,Galileo,,Ticketed,TRUE,7K1J,Z7K1JGWS
DCR83W,,2025-09-10T07:20:59.899+00:00,,Galileo,,Ticketed,TRUE,WV5,ZWV5GWS
DCR8W5,,2025-09-10T07:27:19.907+00:00,,Galileo,,Ticketed,TRUE,8JY1,ZXI7GWS
DCR15Q,,2025-09-10T07:23:56.363+00:00,,Galileo,,Ticketed,TRUE,D40,Z3HB3GWS
DCR9L7,,2025-09-10T07:25:02.331+00:00,,Galileo,,Ticketed,TRUE,8QV0,Z8QV0GWS
DCR9QS,,2025-09-10T07:25:26.757+00:00,,Galileo,,Ticketed,TRUE,8JY1,Z8JY1GWS
DCRBTX,,2025-09-10T07:28:21.470+00:00,,Galileo,,Ticketed,TRUE,8QV0,Z8QV0GWS
DCRC0T,,2025-09-10T07:28:58.405+00:00,,Galileo,,Ticketed,TRUE,8JY1,Z8JY1GWS
DCRBSJ,,2025-09-10T07:28:14.671+00:00,,Galileo,,Ticketed,TRUE,WV5,ZWV5GWS
DCRCZM,,2025-09-10T07:31:47.510+00:00,,Galileo,,Ticketed,TRUE,WV5,ZWV5GWS
DCRCJ8,,2025-09-10T07:30:23.562+00:00,,Galileo,,Ticketed,TRUE,8QV0,Z8QV0GWS
DCRD2M,,2025-09-10T07:32:03.825+00:00,,Galileo,,Ticketed,TRUE,8QV0,Z8QV0GWS
DCRF4X,,2025-09-10T07:35:17.365+00:00,,Galileo,,Ticketed,TRUE,8JY1,Z8JY1GWS
DCRFBC,,2025-09-10T07:35:45.548+00:00,,Galileo,,Ticketed,TRUE,8JY1,Z8JY1GWS
DCRFHW,,2025-09-10T07:36:18.592+00:00,,Galileo,,Ticketed,TRUE,7K1J,Z7K1JGWS
DCRFW8,,2025-09-10T07:37:16.226+00:00,,Galileo,,Ticketed,TRUE,8QV0,Z8QV0GWS
ODHR7B,,2025-09-10T06:59:43.575+00:00,,Galileo,,Ticketed,TRUE,,
DCRG20,,2025-09-10T07:37:44.655+00:00,,Galileo,,Ticketed,TRUE,WV5,ZWV5GWS
DCRG7F,,2025-09-10T07:38:12.148+00:00,,Galileo,,Ticketed,TRUE,8QV0,Z8QV0GWS
DCRGMF,,2025-09-10T07:39:14.726+00:00,,Galileo,,Ticketed,TRUE,8QV0,Z8QV0GWS
DCRGT2,,2025-09-10T07:39:49.405+00:00,,Galileo,,Ticketed,TRUE,WV5,ZWV5GWS
DCRH19,,2025-09-10T07:40:31.310+00:00,,Galileo,,Ticketed,TRUE,WV5,ZWV5GWS
DCS5VC,,2025-09-10T08:34:15.370+00:00,,Galileo,,Ticketed,TRUE,52AU,Z52AUGWS
DCRK6N,,2025-09-10T07:46:12.490+00:00,,Galileo,,Ticketed,TRUE,8QV0,Z8QV0GWS
DCRL2F,,2025-09-10T07:48:28.285+00:00,,Galileo,,Ticketed,TRUE,8JY1,Z8JY1GWS
DCRM0R,,2025-09-10T07:50:58.131+00:00,,Galileo,,Ticketed,TRUE,WV5,ZWV5GWS
DCRL8N,,2025-09-10T07:49:01.134+00:00,,Galileo,,Ticketed,TRUE,8JY1,Z8JY1GWS
DCRM4V,,2025-09-10T07:51:20.184+00:00,,Galileo,,Ticketed,TRUE,8QV0,Z8QV0GWS
DCRP9Z,,2025-09-10T07:56:42.558+00:00,,Galileo,,Ticketed,TRUE,8QV0,Z8QV0GWS
DCRN8G,,2025-09-10T07:54:04.340+00:00,,Galileo,,Ticketed,TRUE,8JY1,Z8JY1GWS
DCRPF8,,2025-09-10T07:57:00.458+00:00,,Galileo,,Ticketed,TRUE,8JY1,Z8JY1GWS
DCRPMC,,2025-09-10T07:57:31.921+00:00,,Galileo,,Ticketed,TRUE,WV5,ZWV5GWS
DCRD2Q,,2025-09-10T07:57:15.826+00:00,,Galileo,,Ticketed,TRUE,D40,ZWV5GWS
DCRQVH,,2025-09-10T08:00:26.473+00:00,,Galileo,,Ticketed,TRUE,8JY1,Z8JY1GWS
LBTM5U,,2025-09-10T07:28:56.484+00:00,,Galileo,,Ticketed,TRUE,,
DCRQSM,,2025-09-10T08:00:18.012+00:00,,Galileo,,Ticketed,TRUE,7K1J,Z7K1JGWS
DCRRBG,,2025-09-10T08:01:39.361+00:00,,Galileo,,Ticketed,TRUE,8JY1,Z8JY1GWS
DCRRPT,,2025-09-10T08:02:31.997+00:00,,Galileo,,Ticketed,TRUE,8JY1,Z8JY1GWS
DCRRX8,,2025-09-10T08:02:57.649+00:00,,Galileo,,Ticketed,TRUE,WV5,ZWV5GWS
DCRSJ4,,2025-09-10T08:04:25.001+00:00,,Galileo,,Ticketed,TRUE,8JY1,Z8JY1GWS
DCRTD9,,2025-09-10T08:06:32.073+00:00,,Galileo,,Ticketed,TRUE,8JY1,Z8JY1GWS
DCRTPC,,2025-09-10T08:07:19.279+00:00,,Galileo,,Ticketed,TRUE,8QV0,Z8QV0GWS
DCRVD3,,2025-09-10T08:09:00.115+00:00,,Galileo,,Ticketed,TRUE,WV5,ZWV5GWS
DCRRDC,,2025-09-10T08:07:45.340+00:00,,Galileo,,Ticketed,TRUE,8QV0,Z8QV0GWS
DCRVJF,,2025-09-10T08:09:16.126+00:00,,Galileo,,Ticketed,TRUE,8QV0,Z8QV0GWS
W28E3V,,2025-09-10T07:37:27.799+00:00,,Galileo,,Ticketed,TRUE,,
DCRWCB,,2025-09-10T08:11:20.108+00:00,,Galileo,,Ticketed,TRUE,WV5,ZWV5GWS
DCRVWT,,2025-09-10T08:10:09.037+00:00,,Galileo,,Ticketed,TRUE,8QV0,Z8QV0GWS
DCRWFX,,2025-09-10T08:11:34.049+00:00,,Galileo,,Ticketed,TRUE,8QV0,Z8QV0GWS
DCRWKZ,,2025-09-10T08:11:54.077+00:00,,Galileo,,Ticketed,TRUE,8QV0,Z8QV0GWS
DCRWSF,,2025-09-10T08:12:24.217+00:00,,Galileo,,Ticketed,TRUE,8QV0,Z8QV0GWS
DCRWS9,,2025-09-10T08:12:23.910+00:00,,Galileo,,Ticketed,TRUE,7K1J,Z7K1JGWS
DCRXDV,,2025-09-10T08:13:52.993+00:00,,Galileo,,Ticketed,TRUE,WV5,ZWV5GWS
DCRYMJ,,2025-09-10T08:16:50.711+00:00,,Galileo,,Ticketed,TRUE,7K1J,Z7K1JGWS
DCRXF0,,2025-09-10T08:13:56.564+00:00,,Galileo,,Ticketed,TRUE,8QV0,Z8QV0GWS
DCRZGX,,2025-09-10T08:18:56.820+00:00,,Galileo,,Ticketed,TRUE,8JY1,Z8JY1GWS
DCRZRR,,2025-09-10T08:19:41.076+00:00,,Galileo,,Ticketed,TRUE,7K1J,Z7K1JGWS
DCRZXB,,2025-09-10T08:20:04.096+00:00,,Galileo,,Ticketed,TRUE,7K1J,Z7K1JGWS
DCRZZF,,2025-09-10T08:20:15.015+00:00,,Galileo,,Ticketed,TRUE,WV5,ZWV5GWS
DCS029,,2025-09-10T08:20:29.016+00:00,,Galileo,,Ticketed,TRUE,8QV0,Z8QV0GWS
DCS073,,2025-09-10T08:20:51.536+00:00,,Galileo,,Ticketed,TRUE,8QV0,Z8QV0GWS
DCS0XP,,2025-09-10T08:22:48.088+00:00,,Galileo,,Ticketed,TRUE,8QV0,Z8QV0GWS
DCS1M6,,2025-09-10T08:24:18.010+00:00,,Galileo,,Ticketed,TRUE,8QV0,Z8QV0GWS
DCS208,,2025-09-10T08:25:10.728+00:00,,Galileo,,Ticketed,TRUE,8QV0,Z8QV0GWS
DCS244,,2025-09-10T08:25:29.185+00:00,,Galileo,,Ticketed,TRUE,8JY1,Z8JY1GWS
DCS2CV,,2025-09-10T08:26:03.819+00:00,,Galileo,,Ticketed,TRUE,8QV0,Z8QV0GWS
DCS32F,,2025-09-10T08:27:47.916+00:00,,Galileo,,Ticketed,TRUE,WV5,ZWV5GWS
QD5Y8R,,2025-09-10T08:02:41.451+00:00,,Galileo,,Ticketed,TRUE,,
DCS363,,2025-09-10T08:28:04.541+00:00,,Galileo,,Ticketed,TRUE,8QV0,Z8QV0GWS
DCS36C,,2025-09-10T08:28:05.673+00:00,,Galileo,,Ticketed,TRUE,8JY1,Z8JY1GWS
DCS4C2,,2025-09-10T08:30:46.310+00:00,,Galileo,,Ticketed,TRUE,7K1J,Z7K1JGWS
DCS476,,2025-09-10T08:30:26.947+00:00,,Galileo,,Ticketed,TRUE,8JY1,Z8JY1GWS
DCSXBR,,2025-09-10T09:24:40.624+00:00,,Galileo,,Ticketed,TRUE,WV5,ZWV5GWS
DCS54F,,2025-09-10T08:32:33.159+00:00,,Galileo,,Ticketed,TRUE,8JY1,Z8JY1GWS
DCS4PK,,2025-09-10T08:31:32.325+00:00,,Galileo,,Ticketed,TRUE,8JY1,Z8JY1GWS
H7UVHD,,2025-09-10T08:10:33.387+00:00,,Galileo,,Ticketed,TRUE,,
DCS5W4,,2025-09-10T08:34:19.977+00:00,,Galileo,,Ticketed,TRUE,7K1J,Z7K1JGWS
DCS60H,,2025-09-10T08:34:36.135+00:00,,Galileo,,Ticketed,TRUE,8QV0,Z8QV0GWS
DCS6DC,,2025-09-10T08:35:28.813+00:00,,Galileo,,Ticketed,TRUE,8JY1,Z8JY1GWS
DCS5XZ,,2025-09-10T08:34:28.217+00:00,,Galileo,,Ticketed,TRUE,8JY1,Z8JY1GWS
DCS7DC,,2025-09-10T08:37:50.831+00:00,,Galileo,,Ticketed,TRUE,8JY1,Z8JY1GWS
DCS7H1,,2025-09-10T08:38:03.259+00:00,,Galileo,,Ticketed,TRUE,8JY1,Z8JY1GWS
DCS7DK,,2025-09-10T08:37:51.169+00:00,,Galileo,,Ticketed,TRUE,WV5,ZWV5GWS
DCS7Z8,,2025-09-10T08:39:11.735+00:00,,Galileo,,Ticketed,TRUE,8JY1,Z8JY1GWS
DCS8D0,,2025-09-10T08:40:12.113+00:00,,Galileo,,Ticketed,TRUE,WV5,ZWV5GWS
DCS871,,2025-09-10T08:39:49.323+00:00,,Galileo,,Ticketed,TRUE,8QV0,Z8QV0GWS
DCS8JT,,2025-09-10T08:40:33.705+00:00,,Galileo,,Ticketed,TRUE,WV5,ZWV5GWS
DCS9FR,,2025-09-10T08:42:31.883+00:00,,Galileo,,Ticketed,TRUE,WV5,ZWV5GWS
DCSB65,,2025-09-10T08:44:14.384+00:00,,Galileo,,Ticketed,TRUE,7K1J,Z7K1JGWS
DCRYQK,,2025-09-10T08:42:44.044+00:00,,Galileo,,Ticketed,TRUE,D40,Z3HB3GWS
DCSBYK,,2025-09-10T08:45:55.805+00:00,,Galileo,,Ticketed,TRUE,8JY1,Z8JY1GWS
DCJS0C,,2025-09-10T08:46:37.099+00:00,,Galileo,,Ticketed,TRUE,8JY1,ZXI7GWS
Q693FJ,,2025-09-10T08:27:04.200+00:00,,Galileo,,Ticketed,TRUE,,
DCSDC5,,2025-09-10T08:49:03.752+00:00,,Galileo,,Ticketed,TRUE,WV5,ZWV5GWS
DCSCFX,,2025-09-10T08:47:02.211+00:00,,Galileo,,Ticketed,TRUE,8QV0,Z8QV0GWS
DCSFQQ,,2025-09-10T08:52:06.952+00:00,,Galileo,,Ticketed,TRUE,8QV0,Z8QV0GWS
DCSDDN,,2025-09-10T08:49:08.346+00:00,,Galileo,,Ticketed,TRUE,WV5,ZWV5GWS
DCSGXK,,2025-09-10T08:54:43.976+00:00,,Galileo,,Ticketed,TRUE,8JY1,Z8JY1GWS
DCSHQ4,,2025-09-10T08:56:33.594+00:00,,Galileo,,Ticketed,TRUE,WV5,ZWV5GWS
DCSJ89,,2025-09-10T08:57:45.424+00:00,,Galileo,,Ticketed,TRUE,WV5,ZWV5GWS
DCSJQF,,2025-09-10T08:58:49.553+00:00,,Galileo,,Ticketed,TRUE,8JY1,Z8JY1GWS
DCSJYR,,2025-09-10T08:59:26.094+00:00,,Galileo,,Ticketed,TRUE,8JY1,Z8JY1GWS
DCSJBY,,2025-09-10T08:59:52.407+00:00,,Galileo,,Ticketed,TRUE,8JY1,ZXI7GWS
DCSL0G,,2025-09-10T09:01:52.283+00:00,,Galileo,,Ticketed,TRUE,7K1J,Z7K1JGWS
Y8IH9D,,2025-09-10T08:42:18.625+00:00,,Galileo,,Ticketed,TRUE,,
OD51RE,,2025-09-10T08:40:43.840+00:00,,Galileo,,Ticketed,TRUE,,
DCSLZW,,2025-09-10T09:03:59.244+00:00,,Galileo,,Ticketed,TRUE,8QV0,Z8QV0GWS
DCSMW0,,2025-09-10T09:05:53.072+00:00,,Galileo,,Ticketed,TRUE,8QV0,Z8QV0GWS
DCSLL4,,2025-09-10T09:03:06.119+00:00,,Galileo,,Ticketed,TRUE,WV5,ZWV5GWS
DBYZGH,,2025-09-10T08:45:41.263+00:00,,Galileo,,Ticketed,TRUE,,
DCSMGL,,2025-09-10T09:05:04.593+00:00,,Galileo,,Ticketed,TRUE,8JY1,Z8JY1GWS
DCSNJC,,2025-09-10T09:07:20.259+00:00,,Galileo,,Ticketed,TRUE,WV5,ZWV5GWS
DCSNKX,,2025-09-10T09:07:27.664+00:00,,Galileo,,Ticketed,TRUE,7K1J,Z7K1JGWS
DCSP52,,2025-09-10T09:08:42.184+00:00,,Galileo,,Ticketed,TRUE,8QV0,Z8QV0GWS
DCSM4K,,2025-09-10T09:09:24.601+00:00,,Galileo,,Ticketed,TRUE,D40,Z3HB3GWS
DCSPKW,,2025-09-10T09:09:33.674+00:00,,Galileo,,Ticketed,TRUE,8JY1,Z8JY1GWS
DCSPPN,,2025-09-10T09:09:51.232+00:00,,Galileo,,Ticketed,TRUE,8QV0,Z8QV0GWS
DCSPVG,,2025-09-10T09:10:11.190+00:00,,Galileo,,Ticketed,TRUE,WV5,ZWV5GWS
DCSPJJ,,2025-09-10T09:09:28.593+00:00,,Galileo,,Ticketed,TRUE,8QV0,Z8QV0GWS
DCSQ8M,,2025-09-10T09:11:14.427+00:00,,Galileo,,Ticketed,TRUE,8QV0,Z8QV0GWS
DCSQYY,,2025-09-10T09:12:49.208+00:00,,Galileo,,Ticketed,TRUE,8JY1,Z8JY1GWS
DCSRDF,,2025-09-10T09:13:50.163+00:00,,Galileo,,Ticketed,TRUE,8QV0,Z8QV0GWS
DCSRX3,,2025-09-10T09:14:52.542+00:00,,Galileo,,Ticketed,TRUE,8QV0,Z8QV0GWS
DCSS17,,2025-09-10T09:15:11.253+00:00,,Galileo,,Ticketed,TRUE,8QV0,Z8QV0GWS
DCSS6W,,2025-09-10T09:15:33.344+00:00,,Galileo,,Ticketed,TRUE,WV5,ZWV5GWS
DCSSHW,,2025-09-10T09:16:15.744+00:00,,Galileo,,Ticketed,TRUE,8QV0,Z8QV0GWS
DCSTRR,,2025-09-10T09:19:07.584+00:00,,Galileo,,Ticketed,TRUE,8QV0,Z8QV0GWS
DCSVPD,,2025-09-10T09:21:06.043+00:00,,Galileo,,Ticketed,TRUE,8QV0,Z8QV0GWS
DCSVKC,,2025-09-10T09:20:46.876+00:00,,Galileo,,Ticketed,TRUE,WV5,ZWV5GWS
DCSTVJ,,2025-09-10T09:21:09.715+00:00,,Galileo,,Ticketed,TRUE,8JY1,Z8JY1GWS
DCSWLS,,2025-09-10T09:23:08.806+00:00,,Galileo,,Ticketed,TRUE,8QV0,Z8QV0GWS
DCSWSN,,2025-09-10T09:23:33.718+00:00,,Galileo,,Ticketed,TRUE,8QV0,Z8QV0GWS
DCSXVW,,2025-09-10T09:25:52.396+00:00,,Galileo,,Ticketed,TRUE,WV5,ZWV5GWS
DCSY3C,,2025-09-10T09:26:23.563+00:00,,Galileo,,Ticketed,TRUE,8QV0,Z8QV0GWS
DCT1CZ,,2025-09-10T09:33:54.198+00:00,,Galileo,,Ticketed,TRUE,8QV0,Z8QV0GWS
DCT1JS,,2025-09-10T09:34:15.649+00:00,,Galileo,,Ticketed,TRUE,8QV0,Z8QV0GWS
DCSYQ3,,2025-09-10T09:27:47.158+00:00,,Galileo,,Ticketed,TRUE,8JY1,Z8JY1GWS
DCT22Z,,2025-09-10T09:35:35.922+00:00,,Galileo,,Ticketed,TRUE,WV5,ZWV5GWS
DCT34X,,2025-09-10T09:37:59.725+00:00,,Galileo,,Ticketed,TRUE,WV5,ZWV5GWS
DCT3FB,,2025-09-10T09:38:36.876+00:00,,Galileo,,Ticketed,TRUE,8QV0,Z8QV0GWS
DCT1TM,,2025-09-10T09:38:07.140+00:00,,Galileo,,Ticketed,TRUE,8QV0,Z8QV0GWS
DCT5SM,,2025-09-10T09:43:41.259+00:00,,Galileo,,Ticketed,TRUE,8QV0,Z8QV0GWS
DCT4WQ,,2025-09-10T09:41:43.209+00:00,,Galileo,,Ticketed,TRUE,8QV0,Z8QV0GWS
DCT6KC,,2025-09-10T09:45:24.480+00:00,,Galileo,,Ticketed,TRUE,8QV0,Z8QV0GWS
DCT92W,,2025-09-10T09:51:15.582+00:00,,Galileo,,Ticketed,TRUE,WV5,ZWV5GWS
DCT8QN,,2025-09-10T09:51:50.986+00:00,,Galileo,,Ticketed,TRUE,8QV0,Z8QV0GWS
DCT9Z5,,2025-09-10T09:53:08.934+00:00,,Galileo,,Ticketed,TRUE,WV5,ZWV5GWS
DCT9Z3,,2025-09-10T09:53:08.926+00:00,,Galileo,,Ticketed,TRUE,8QV0,Z8QV0GWS
DCTBMF,,2025-09-10T09:54:37.392+00:00,,Galileo,,Ticketed,TRUE,7K1J,Z7K1JGWS
DCT9XK,,2025-09-10T09:53:03.861+00:00,,Galileo,,Ticketed,TRUE,8JY1,Z8JY1GWS
DCTC1B,,2025-09-10T09:55:31.805+00:00,,Galileo,,Ticketed,TRUE,8QV0,Z8QV0GWS
DCTCRR,,2025-09-10T09:57:13.562+00:00,,Galileo,,Ticketed,TRUE,8JY1,Z8JY1GWS
DCTGXW,,2025-09-10T10:04:48.262+00:00,,Galileo,,Ticketed,TRUE,8JY1,Z8JY1GWS
DCTJCK,,2025-09-10T10:08:07.215+00:00,,Galileo,,Ticketed,TRUE,8JY1,Z8JY1GWS
DCTHBG,,2025-09-10T10:05:50.541+00:00,,Galileo,,Ticketed,TRUE,7K1J,Z7K1JGWS
O68PHJ,,2025-09-10T09:12:15.247+00:00,,Galileo,,Ticketed,TRUE,,
DCTJJX,,2025-09-10T10:08:31.975+00:00,,Galileo,,Ticketed,TRUE,8JY1,Z8JY1GWS
DCTJP0,,2025-09-10T10:08:50.444+00:00,,Galileo,,Ticketed,TRUE,WV5,ZWV5GWS
DCTFCW,,2025-09-10T10:08:16.787+00:00,,Galileo,,Ticketed,TRUE,8QV0,Z8QV0GWS
DCTK20,,2025-09-10T10:09:49.612+00:00,,Galileo,,Ticketed,TRUE,8QV0,Z8QV0GWS
DCNB9M,,2025-09-10T10:13:05.556+00:00,,Galileo,,Ticketed,TRUE,D40,Z3HB3GWS
DCTLM3,,2025-09-10T10:13:20.912+00:00,,Galileo,,Ticketed,TRUE,8QV0,Z8QV0GWS
DCTM4M,,2025-09-10T10:14:32.229+00:00,,Galileo,,Ticketed,TRUE,8QV0,Z8QV0GWS
DCTMGC,,2025-09-10T10:15:14.874+00:00,,Galileo,,Ticketed,TRUE,8QV0,Z8QV0GWS
DCTMNP,,2025-09-10T10:15:42.471+00:00,,Galileo,,Ticketed,TRUE,8QV0,Z8QV0GWS
DCTMK9,,2025-09-10T10:15:27.577+00:00,,Galileo,,Ticketed,TRUE,8JY1,Z8JY1GWS
DCTNQS,,2025-09-10T10:18:04.714+00:00,,Galileo,,Ticketed,TRUE,WV5,ZWV5GWS
DCTMWL,,2025-09-10T10:16:12.907+00:00,,Galileo,,Ticketed,TRUE,8JY1,Z8JY1GWS
DCTNVB,,2025-09-10T10:18:20.790+00:00,,Galileo,,Ticketed,TRUE,8QV0,Z8QV0GWS
DCTPLK,,2025-09-10T10:20:00.119+00:00,,Galileo,,Ticketed,TRUE,8QV0,Z8QV0GWS
DCTR64,,2025-09-10T10:23:39.717+00:00,,Galileo,,Ticketed,TRUE,WV5,ZWV5GWS
DCTRB0,,2025-09-10T10:24:00.101+00:00,,Galileo,,Ticketed,TRUE,8JY1,Z8JY1GWS
DCTS53,,2025-09-10T10:26:01.129+00:00,,Galileo,,Ticketed,TRUE,8JY1,Z8JY1GWS
DCTTCD,,2025-09-10T10:29:09.343+00:00,,Galileo,,Ticketed,TRUE,8JY1,Z8JY1GWS
DCTSBH,,2025-09-10T10:26:26.345+00:00,,Galileo,,Ticketed,TRUE,WV5,ZWV5GWS
DCTTBV,,2025-09-10T10:29:05.568+00:00,,Galileo,,Ticketed,TRUE,8QV0,Z8QV0GWS
DCVN1C,,2025-09-10T11:32:29.304+00:00,,Galileo,,Ticketed,TRUE,7K1J,Z7K1JGWS
DCTWRN,,2025-09-10T10:32:32.153+00:00,,Galileo,,Ticketed,TRUE,8QV0,Z8QV0GWS
DCTXM5,,2025-09-10T10:34:42.671+00:00,,Galileo,,Ticketed,TRUE,8JY1,Z8JY1GWS
DCTY7H,,2025-09-10T10:36:08.149+00:00,,Galileo,,Ticketed,TRUE,8JY1,Z8JY1GWS
DCTYLG,,2025-09-10T10:36:57.246+00:00,,Galileo,,Ticketed,TRUE,8QV0,Z8QV0GWS
DCTZ25,,2025-09-10T10:38:05.367+00:00,,Galileo,,Ticketed,TRUE,WV5,ZWV5GWS
DCV006,,2025-09-10T10:40:27.012+00:00,,Galileo,,Ticketed,TRUE,8JY1,Z8JY1GWS
DCV16Z,,2025-09-10T10:43:26.388+00:00,,Galileo,,Ticketed,TRUE,8JY1,Z8JY1GWS
DCV2H6,,2025-09-10T10:46:45.079+00:00,,Galileo,,Ticketed,TRUE,8JY1,Z8JY1GWS
RZE5WB,,2025-09-10T10:01:16.687+00:00,,Galileo,,Ticketed,TRUE,,
DCV3BG,,2025-09-10T10:48:51.131+00:00,,Galileo,,Ticketed,TRUE,WV5,ZWV5GWS
DCV3ZQ,,2025-09-10T10:50:22.963+00:00,,Galileo,,Ticketed,TRUE,8QV0,Z8QV0GWS
DCV4DY,,2025-09-10T10:51:29.963+00:00,,Galileo,,Ticketed,TRUE,WV5,ZWV5GWS
DCV4RY,,2025-09-10T10:52:23.476+00:00,,Galileo,,Ticketed,TRUE,WV5,ZWV5GWS
DCV4P8,,2025-09-10T10:52:11.165+00:00,,Galileo,,Ticketed,TRUE,8QV0,Z8QV0GWS
DCV4SD,,2025-09-10T10:52:25.437+00:00,,Galileo,,Ticketed,TRUE,8QV0,Z8QV0GWS
DCV5D3,,2025-09-10T10:54:01.626+00:00,,Galileo,,Ticketed,TRUE,8JY1,Z8JY1GWS
DCTZK1,,2025-09-10T10:56:52.879+00:00,,Galileo,,Ticketed,TRUE,D40,Z3HB3GWS
DCV6MS,,2025-09-10T10:57:07.783+00:00,,Galileo,,Ticketed,TRUE,8QV0,Z8QV0GWS
DCV6QY,,2025-09-10T10:57:23.965+00:00,,Galileo,,Ticketed,TRUE,8JY1,Z8JY1GWS
DCTNL2,,2025-09-10T11:00:20.404+00:00,,Galileo,,Ticketed,TRUE,D40,Z3HB3GWS
DCV75Y,,2025-09-10T10:58:33.042+00:00,,Galileo,,Ticketed,TRUE,8QV0,Z8QV0GWS
DCV7X3,,2025-09-10T11:00:27.108+00:00,,Galileo,,Ticketed,TRUE,WV5,ZWV5GWS
DCV81D,,2025-09-10T11:00:47.191+00:00,,Galileo,,Ticketed,TRUE,8QV0,Z8QV0GWS
DCV809,,2025-09-10T11:00:42.763+00:00,,Galileo,,Ticketed,TRUE,7K1J,Z7K1JGWS
DCV8BP,,2025-09-10T11:01:29.429+00:00,,Galileo,,Ticketed,TRUE,8QV0,Z8QV0GWS
DCV8X1,,2025-09-10T11:02:57.827+00:00,,Galileo,,Ticketed,TRUE,7K1J,Z7K1JGWS
DCV8WB,,2025-09-10T11:02:55.015+00:00,,Galileo,,Ticketed,TRUE,8QV0,Z8QV0GWS
DCV8YB,,2025-09-10T11:03:03.499+00:00,,Galileo,,Ticketed,TRUE,WV5,ZWV5GWS
DCVBT7,,2025-09-10T11:07:59.595+00:00,,Galileo,,Ticketed,TRUE,8QV0,Z8QV0GWS
DCV9WX,,2025-09-10T11:05:32.595+00:00,,Galileo,,Ticketed,TRUE,8QV0,Z8QV0GWS
DCV965,,2025-09-10T11:03:42.765+00:00,,Galileo,,Ticketed,TRUE,WV5,ZWV5GWS
DCVC7S,,2025-09-10T11:09:09.352+00:00,,Galileo,,Ticketed,TRUE,8JY1,Z8JY1GWS
DCVC7Z,,2025-09-10T11:09:09.914+00:00,,Galileo,,Ticketed,TRUE,WV5,ZWV5GWS
DCVB4P,,2025-09-10T11:08:27.766+00:00,,Galileo,,Ticketed,TRUE,D40,Z3HB3GWS
DCVC9K,,2025-09-10T11:09:16.233+00:00,,Galileo,,Ticketed,TRUE,WV5,ZWV5GWS
DCVDFD,,2025-09-10T11:12:08.878+00:00,,Galileo,,Ticketed,TRUE,WV5,ZWV5GWS
DCVCJG,,2025-09-10T11:09:52.777+00:00,,Galileo,,Ticketed,TRUE,8QV0,Z8QV0GWS
DCVFZD,,2025-09-10T11:16:10.264+00:00,,Galileo,,Ticketed,TRUE,WV5,ZWV5GWS
DCVG3W,,2025-09-10T11:16:35.605+00:00,,Galileo,,Ticketed,TRUE,7K1J,Z7K1JGWS
DCVFM6,,2025-09-10T11:15:05.770+00:00,,Galileo,,Ticketed,TRUE,8JY1,Z8JY1GWS
DCVGC3,,2025-09-10T11:17:12.490+00:00,,Galileo,,Ticketed,TRUE,WV5,ZWV5GWS
DCVGJ5,,2025-09-10T11:17:41.040+00:00,,Galileo,,Ticketed,TRUE,8JY1,Z8JY1GWS
UZKQ7L,,2025-09-10T10:55:05.659+00:00,,Galileo,,Ticketed,TRUE,,
DCVH0S,,2025-09-10T11:19:05.463+00:00,,Galileo,,Ticketed,TRUE,7K1J,Z7K1JGWS
DCVH55,,2025-09-10T11:19:28.398+00:00,,Galileo,,Ticketed,TRUE,8JY1,Z8JY1GWS
ECWR8B,,2025-09-10T10:56:17.606+00:00,,Galileo,,Ticketed,TRUE,,
DCVH9D,,2025-09-10T11:19:52.526+00:00,,Galileo,,Ticketed,TRUE,WV5,ZWV5GWS
DCVJ3X,,2025-09-10T11:24:02.454+00:00,,Galileo,,Ticketed,TRUE,D40,Z3HB3GWS
DCVJQR,,2025-09-10T11:23:28.580+00:00,,Galileo,,Ticketed,TRUE,8JY1,Z8JY1GWS
DCVJMD,,2025-09-10T11:23:12.444+00:00,,Galileo,,Ticketed,TRUE,WV5,ZWV5GWS
DCVKT4,,2025-09-10T11:26:24.293+00:00,,Galileo,,Ticketed,TRUE,7K1J,Z7K1JGWS
DCVKQ1,,2025-09-10T11:26:08.138+00:00,,Galileo,,Ticketed,TRUE,WV5,ZWV5GWS
DCVKLV,,2025-09-10T11:25:50.777+00:00,,Galileo,,Ticketed,TRUE,8JY1,Z8JY1GWS
DCVLB4,,2025-09-10T11:27:51.576+00:00,,Galileo,,Ticketed,TRUE,WV5,ZWV5GWS
DCVMZW,,2025-09-10T11:32:24.201+00:00,,Galileo,,Ticketed,TRUE,8QV0,Z8QV0GWS
DCVNN7,,2025-09-10T11:33:58.796+00:00,,Galileo,,Ticketed,TRUE,8JY1,Z8JY1GWS
DCVNSH,,2025-09-10T11:34:21.066+00:00,,Galileo,,Ticketed,TRUE,WV5,ZWV5GWS
DCVP88,,2025-09-10T11:35:40.787+00:00,,Galileo,,Ticketed,TRUE,8QV0,Z8QV0GWS
DCVQQ8,,2025-09-10T11:39:25.661+00:00,,Galileo,,Ticketed,TRUE,8QV0,Z8QV0GWS
DCVRXQ,,2025-09-10T11:42:36.053+00:00,,Galileo,,Ticketed,TRUE,8QV0,Z8QV0GWS
DCVRYZ,,2025-09-10T11:42:42.491+00:00,,Galileo,,Ticketed,TRUE,7K1J,Z7K1JGWS
DCVS1T,,2025-09-10T11:44:21.911+00:00,,Galileo,,Ticketed,TRUE,D40,ZWV5GWS
DCVSRC,,2025-09-10T11:44:44.680+00:00,,Galileo,,Ticketed,TRUE,8QV0,Z8QV0GWS
DCVSZM,,2025-09-10T11:45:24.703+00:00,,Galileo,,Ticketed,TRUE,WV5,ZWV5GWS
DCVT59,,2025-09-10T11:45:54.498+00:00,,Galileo,,Ticketed,TRUE,7K1J,Z7K1JGWS
DCVT03,,2025-09-10T11:45:26.973+00:00,,Galileo,,Ticketed,TRUE,8QV0,Z8QV0GWS
DCVSXX,,2025-09-10T11:45:14.119+00:00,,Galileo,,Ticketed,TRUE,WV5,ZWV5GWS
DCVTK8,,2025-09-10T11:46:55.607+00:00,,Galileo,,Ticketed,TRUE,8QV0,Z8QV0GWS
DCVW3R,,2025-09-10T11:50:59.120+00:00,,Galileo,,Ticketed,TRUE,8QV0,Z8QV0GWS
DCVV59,,2025-09-10T11:48:35.960+00:00,,Galileo,,Ticketed,TRUE,WV5,ZWV5GWS
DCVWFD,,2025-09-10T11:51:48.370+00:00,,Galileo,,Ticketed,TRUE,WV5,ZWV5GWS
DCVWPX,,2025-09-10T11:52:31.629+00:00,,Galileo,,Ticketed,TRUE,WV5,ZWV5GWS
DCVWSQ,,2025-09-10T11:52:43.037+00:00,,Galileo,,Ticketed,TRUE,8JY1,Z8JY1GWS
DCVWQN,,2025-09-10T11:52:34.922+00:00,,Galileo,,Ticketed,TRUE,8QV0,Z8QV0GWS
DCVX41,,2025-09-10T11:53:34.923+00:00,,Galileo,,Ticketed,TRUE,8QV0,Z8QV0GWS
I5526Z,,2025-09-10T11:24:19.168+00:00,,Galileo,,Ticketed,TRUE,,
DCVX8J,,2025-09-10T11:53:53.491+00:00,,Galileo,,Ticketed,TRUE,8JY1,Z8JY1GWS
DCVXVW,,2025-09-10T11:55:22.408+00:00,,Galileo,,Ticketed,TRUE,WV5,ZWV5GWS
DCVXDL,,2025-09-10T11:54:11.400+00:00,,Galileo,,Ticketed,TRUE,8JY1,Z8JY1GWS
DCVXXC,,2025-09-10T11:55:28.520+00:00,,Galileo,,Ticketed,TRUE,8QV0,Z8QV0GWS
DCVYNP,,2025-09-10T11:57:28.887+00:00,,Galileo,,Ticketed,TRUE,8JY1,Z8JY1GWS
DCVZ2H,,2025-09-10T11:58:30.695+00:00,,Galileo,,Ticketed,TRUE,8QV0,Z8QV0GWS
DCVZ4N,,2025-09-10T11:58:42.242+00:00,,Galileo,,Ticketed,TRUE,8QV0,Z8QV0GWS
DCVZJF,,2025-09-10T11:59:40.340+00:00,,Galileo,,Ticketed,TRUE,8JY1,Z8JY1GWS
DCVYYP,,2025-09-10T12:01:00.213+00:00,,Galileo,,Ticketed,TRUE,8QV0,Z8QV0GWS
J9T59K,,2025-09-10T11:21:29.848+00:00,,Galileo,,Ticketed,TRUE,,
DCVZRD,,2025-09-10T12:00:12.722+00:00,,Galileo,,Ticketed,TRUE,8JY1,Z8JY1GWS
DCW0S7,,2025-09-10T12:02:55.191+00:00,,Galileo,,Ticketed,TRUE,8QV0,Z8QV0GWS
D8SFPG,,2025-09-10T12:02:59.044+00:00,,Galileo,,Ticketed,TRUE,D40,Z3HB3GWS
DCW2V0,,2025-09-10T12:08:21.165+00:00,,Galileo,,Ticketed,TRUE,8QV0,Z8QV0GWS
DCW2XM,,2025-09-10T12:08:34.345+00:00,,Galileo,,Ticketed,TRUE,8JY1,Z8JY1GWS
D8SFWR,,2025-09-10T12:04:11.441+00:00,,Galileo,,Ticketed,TRUE,D40,Z3HB3GWS
DCW2HX,,2025-09-10T12:07:32.248+00:00,,Galileo,,Ticketed,TRUE,8QV0,Z8QV0GWS
D8SGCK,,2025-09-10T12:09:36.258+00:00,,Galileo,,Ticketed,TRUE,D40,Z3HB3GWS
DCW3K4,,2025-09-10T12:10:12.120+00:00,,Galileo,,Ticketed,TRUE,WV5,ZWV5GWS
DCW3PQ,,2025-09-10T12:10:32.641+00:00,,Galileo,,Ticketed,TRUE,WV5,ZWV5GWS
DCVXP0,,2025-09-10T12:11:07.044+00:00,,Galileo,,Ticketed,TRUE,D40,Z3HB3GWS
DCW552,,2025-09-10T12:14:26.860+00:00,,Galileo,,Ticketed,TRUE,7K1J,Z7K1JGWS
DCW0T6,,2025-09-10T12:09:33.441+00:00,,Galileo,,Ticketed,TRUE,8JY1,ZXI7GWS
DCW3YV,,2025-09-10T12:11:15.535+00:00,,Galileo,,Ticketed,TRUE,7K1J,Z7K1JGWS
DCVXQD,,2025-09-10T12:11:44.913+00:00,,Galileo,,Ticketed,TRUE,D40,ZD40GWS
DCW5P8,,2025-09-10T12:15:42.687+00:00,,Galileo,,Ticketed,TRUE,8JY1,Z8JY1GWS
DCW5BW,,2025-09-10T12:20:33.481+00:00,,Galileo,,Ticketed,TRUE,8JY1,ZXI7GWS
DCW4N7,,2025-09-10T12:17:30.962+00:00,,Galileo,,Ticketed,TRUE,D40,ZWV5GWS
DCW7ZP,,2025-09-10T12:21:45.945+00:00,,Galileo,,Ticketed,TRUE,8JY1,Z8JY1GWS
DCW8Z5,,2025-09-10T12:24:12.991+00:00,,Galileo,,Ticketed,TRUE,8JY1,Z8JY1GWS
DCWCM9,,2025-09-10T12:30:57.684+00:00,,Galileo,,Ticketed,TRUE,8QV0,Z8QV0GWS
DCW98T,,2025-09-10T12:25:02.362+00:00,,Galileo,,Ticketed,TRUE,WV5,ZWV5GWS
DCWD38,,2025-09-10T12:32:08.332+00:00,,Galileo,,Ticketed,TRUE,WV5,ZWV5GWS
DCWFGT,,2025-09-10T12:35:31.160+00:00,,Galileo,,Ticketed,TRUE,8JY1,Z8JY1GWS
DCWDGY,,2025-09-10T12:33:02.500+00:00,,Galileo,,Ticketed,TRUE,WV5,ZWV5GWS
DCWGMF,,2025-09-10T12:38:23.673+00:00,,Galileo,,Ticketed,TRUE,8QV0,Z8QV0GWS
DCWHZZ,,2025-09-10T12:41:48.812+00:00,,Galileo,,Ticketed,TRUE,7K1J,Z7K1JGWS
DCW3P4,,2025-09-10T12:40:15.972+00:00,,Galileo,,Ticketed,TRUE,D40,ZWV5GWS
DCWHD9,,2025-09-10T12:40:18.339+00:00,,Galileo,,Ticketed,TRUE,8QV0,Z8QV0GWS
DCWK17,,2025-09-10T12:44:27.165+00:00,,Galileo,,Ticketed,TRUE,7K1J,Z7K1JGWS
DCWK8R,,2025-09-10T12:45:04.159+00:00,,Galileo,,Ticketed,TRUE,8QV0,Z8QV0GWS
DCWKQ2,,2025-09-10T12:46:01.305+00:00,,Galileo,,Ticketed,TRUE,8QV0,Z8QV0GWS
DCWKZJ,,2025-09-10T12:46:40.601+00:00,,Galileo,,Ticketed,TRUE,8JY1,Z8JY1GWS
DCWKZ8,,2025-09-10T12:46:39.795+00:00,,Galileo,,Ticketed,TRUE,7K1J,Z7K1JGWS
DCWLKP,,2025-09-10T12:48:09.341+00:00,,Galileo,,Ticketed,TRUE,8QV0,Z8QV0GWS
DCWLDC,,2025-09-10T12:47:41.179+00:00,,Galileo,,Ticketed,TRUE,WV5,ZWV5GWS
DCWMR2,,2025-09-10T12:51:01.946+00:00,,Galileo,,Ticketed,TRUE,8JY1,Z8JY1GWS
DCWMPY,,2025-09-10T12:50:57.228+00:00,,Galileo,,Ticketed,TRUE,8QV0,Z8QV0GWS
DCWMML,,2025-09-10T12:50:46.788+00:00,,Galileo,,Ticketed,TRUE,7K1J,Z7K1JGWS
DCWN9B,,2025-09-10T12:52:26.363+00:00,,Galileo,,Ticketed,TRUE,7K1J,Z7K1JGWS
DCWNF1,,2025-09-10T12:52:45.648+00:00,,Galileo,,Ticketed,TRUE,8JY1,Z8JY1GWS
DCWN64,,2025-09-10T12:52:08.884+00:00,,Galileo,,Ticketed,TRUE,WV5,ZWV5GWS
DCWMJ0,,2025-09-10T12:52:37.115+00:00,,Galileo,,Ticketed,TRUE,8JY1,ZXI7GWS
DCWNLN,,2025-09-10T12:53:07.410+00:00,,Galileo,,Ticketed,TRUE,8QV0,Z8QV0GWS
DCWNYP,,2025-09-10T12:54:02.080+00:00,,Galileo,,Ticketed,TRUE,WV5,ZWV5GWS
DCWNQS,,2025-09-10T12:53:26.503+00:00,,Galileo,,Ticketed,TRUE,8QV0,Z8QV0GWS
DCWP8K,,2025-09-10T12:54:46.574+00:00,,Galileo,,Ticketed,TRUE,8QV0,Z8QV0GWS
DCWP7V,,2025-09-10T12:54:46.159+00:00,,Galileo,,Ticketed,TRUE,7K1J,Z7K1JGWS
DCWNRV,,2025-09-10T12:53:32.708+00:00,,Galileo,,Ticketed,TRUE,7K1J,Z7K1JGWS
DCWPLC,,2025-09-10T12:55:29.955+00:00,,Galileo,,Ticketed,TRUE,WV5,ZWV5GWS
DCWPGB,,2025-09-10T12:55:10.466+00:00,,Galileo,,Ticketed,TRUE,8QV0,Z8QV0GWS
DCWPM6,,2025-09-10T12:55:33.294+00:00,,Galileo,,Ticketed,TRUE,7K1J,Z7K1JGWS
DCWQVK,,2025-09-10T12:58:44.856+00:00,,Galileo,,Ticketed,TRUE,8QV0,Z8QV0GWS
DCWPV9,,2025-09-10T12:56:11.342+00:00,,Galileo,,Ticketed,TRUE,8JY1,Z8JY1GWS
DCWQVR,,2025-09-10T12:58:46.295+00:00,,Galileo,,Ticketed,TRUE,8JY1,Z8JY1GWS
DCWR92,,2025-09-10T12:59:48.821+00:00,,Galileo,,Ticketed,TRUE,8JY1,Z8JY1GWS
DCWRPS,,2025-09-10T13:00:45.320+00:00,,Galileo,,Ticketed,TRUE,7K1J,Z7K1JGWS
DCWRG9,,2025-09-10T13:00:11.769+00:00,,Galileo,,Ticketed,TRUE,8QV0,Z8QV0GWS
DCWTQ2,,2025-09-10T13:05:39.459+00:00,,Galileo,,Ticketed,TRUE,8JY1,Z8JY1GWS
DCWSQ8,,2025-09-10T13:03:03.756+00:00,,Galileo,,Ticketed,TRUE,8QV0,Z8QV0GWS
DCWT64,,2025-09-10T13:06:12.543+00:00,,Galileo,,Ticketed,TRUE,8JY1,Z8JY1GWS
DCWVV2,,2025-09-10T13:08:24.265+00:00,,Galileo,,Ticketed,TRUE,8JY1,Z8JY1GWS
DCWXJ5,,2025-09-10T13:12:37.834+00:00,,Galileo,,Ticketed,TRUE,7K1J,Z7K1JGWS
DCWW4V,,2025-09-10T13:09:11.367+00:00,,Galileo,,Ticketed,TRUE,8JY1,Z8JY1GWS
DCWY6G,,2025-09-10T13:14:23.822+00:00,,Galileo,,Ticketed,TRUE,8QV0,Z8QV0GWS
DCWZ90,,2025-09-10T13:17:07.518+00:00,,Galileo,,Ticketed,TRUE,8QV0,Z8QV0GWS
DCWW3G,,2025-09-10T13:09:00.233+00:00,,Galileo,,Ticketed,TRUE,8QV0,Z8QV0GWS
DCX019,,2025-09-10T13:18:55.594+00:00,,Galileo,,Ticketed,TRUE,8JY1,Z8JY1GWS
DCX00V,,2025-09-10T13:18:53.419+00:00,,Galileo,,Ticketed,TRUE,WV5,ZWV5GWS
DCX017,,2025-09-10T13:18:55.178+00:00,,Galileo,,Ticketed,TRUE,WV5,ZWV5GWS
DCX065,,2025-09-10T13:19:19.326+00:00,,Galileo,,Ticketed,TRUE,8QV0,Z8QV0GWS
DCX17B,,2025-09-10T13:21:48.500+00:00,,Galileo,,Ticketed,TRUE,8JY1,Z8JY1GWS
DCX13Y,,2025-09-10T13:21:36.328+00:00,,Galileo,,Ticketed,TRUE,8JY1,Z8JY1GWS
DCX175,,2025-09-10T13:21:47.968+00:00,,Galileo,,Ticketed,TRUE,WV5,ZWV5GWS
DCX1C2,,2025-09-10T13:22:06.705+00:00,,Galileo,,Ticketed,TRUE,WV5,ZWV5GWS
DCX1PB,,2025-09-10T13:22:58.505+00:00,,Galileo,,Ticketed,TRUE,8JY1,Z8JY1GWS
DCTF08,,2025-09-10T13:22:35.740+00:00,,Galileo,,Ticketed,TRUE,D40,Z3HB3GWS
DCXJKS,,2025-09-10T13:57:43.413+00:00,,Galileo,,Ticketed,TRUE,8QV0,Z8QV0GWS
DCX39H,,2025-09-10T13:26:34.265+00:00,,Galileo,,Ticketed,TRUE,8QV0,Z8QV0GWS
DCX44Q,,2025-09-10T13:28:31.369+00:00,,Galileo,,Ticketed,TRUE,7K1J,Z7K1JGWS
DCX3BK,,2025-09-10T13:26:37.979+00:00,,Galileo,,Ticketed,TRUE,8QV0,Z8QV0GWS
DCX57M,,2025-09-10T13:31:10.989+00:00,,Galileo,,Ticketed,TRUE,7K1J,Z7K1JGWS
DCX4HN,,2025-09-10T13:32:18.419+00:00,,Galileo,,Ticketed,TRUE,8JY1,ZXI7GWS
DCX5RF,,2025-09-10T13:32:26.870+00:00,,Galileo,,Ticketed,TRUE,8QV0,Z8QV0GWS
DCX5V0,,2025-09-10T13:32:38.880+00:00,,Galileo,,Ticketed,TRUE,8QV0,Z8QV0GWS
DCX5W2,,2025-09-10T13:32:43.866+00:00,,Galileo,,Ticketed,TRUE,8JY1,Z8JY1GWS
DCX603,,2025-09-10T13:33:03.909+00:00,,Galileo,,Ticketed,TRUE,8JY1,Z8JY1GWS
HC182E,,2025-09-10T13:02:56.495+00:00,,Galileo,,Ticketed,TRUE,,
DCX66Y,,2025-09-10T13:33:38.157+00:00,,Galileo,,Ticketed,TRUE,8JY1,Z8JY1GWS
DCX5S6,,2025-09-10T13:32:30.327+00:00,,Galileo,,Ticketed,TRUE,8JY1,Z8JY1GWS
DCX6GK,,2025-09-10T13:34:13.117+00:00,,Galileo,,Ticketed,TRUE,8JY1,Z8JY1GWS
DCX7WZ,,2025-09-10T13:37:26.302+00:00,,Galileo,,Ticketed,TRUE,8QV0,Z8QV0GWS
DCX808,,2025-09-10T13:37:39.670+00:00,,Galileo,,Ticketed,TRUE,7K1J,Z7K1JGWS
DCX83X,,2025-09-10T13:37:58.829+00:00,,Galileo,,Ticketed,TRUE,7K1J,Z7K1JGWS
DCX831,,2025-09-10T13:37:53.530+00:00,,Galileo,,Ticketed,TRUE,8JY1,Z8JY1GWS
DCX8T1,,2025-09-10T13:39:32.689+00:00,,Galileo,,Ticketed,TRUE,8QV0,Z8QV0GWS
DCX8ZC,,2025-09-10T13:39:58.817+00:00,,Galileo,,Ticketed,TRUE,8JY1,Z8JY1GWS
DCX870,,2025-09-10T13:38:14.889+00:00,,Galileo,,Ticketed,TRUE,WV5,ZWV5GWS
G8GT9A,,2025-09-10T13:30:17.814+00:00,,Galileo,,Ticketed,TRUE,,
DC4HGT,,2025-09-10T13:42:14.231+00:00,,Galileo,,Ticketed,TRUE,8JY1,ZXI7GWS
DCX946,,2025-09-10T13:40:22.782+00:00,,Galileo,,Ticketed,TRUE,8QV0,Z8QV0GWS
DCXB8L,,2025-09-10T13:43:08.519+00:00,,Galileo,,Ticketed,TRUE,8QV0,Z8QV0GWS
DCTG2V,,2025-09-10T13:44:41.228+00:00,,Galileo,,Ticketed,TRUE,D40,Z3HB3GWS
W6DW5J,,2025-09-10T13:36:31.271+00:00,,Galileo,,Ticketed,TRUE,,
DCXCV9,,2025-09-10T13:46:47.639+00:00,,Galileo,,Ticketed,TRUE,8QV0,Z8QV0GWS
A4TZHZ,,2025-09-10T13:36:05.705+00:00,,Galileo,,Ticketed,TRUE,,
DCXB4V,,2025-09-10T13:46:22.063+00:00,,Galileo,,Ticketed,TRUE,8QV0,Z8QV0GWS
DCXD1R,,2025-09-10T13:47:19.285+00:00,,Galileo,,Ticketed,TRUE,8QV0,Z8QV0GWS
DCXD0Y,,2025-09-10T13:47:16.236+00:00,,Galileo,,Ticketed,TRUE,8JY1,Z8JY1GWS
DCXCWC,,2025-09-10T13:46:52.900+00:00,,Galileo,,Ticketed,TRUE,8JY1,Z8JY1GWS
DCX9Q0,,2025-09-10T13:47:05.817+00:00,,Galileo,,Ticketed,TRUE,D40,ZWV5GWS
DCX6WY,,2025-09-10T13:53:29.883+00:00,,Galileo,,Ticketed,TRUE,8JY1,ZXI7GWS
DCWPJW,,2025-09-10T13:53:58.008+00:00,,Galileo,,Ticketed,TRUE,D40,Z3HB3GWS
DCXH14,,2025-09-10T13:54:11.078+00:00,,Galileo,,Ticketed,TRUE,8QV0,Z8QV0GWS
DCXH2Y,,2025-09-10T13:54:19.369+00:00,,Galileo,,Ticketed,TRUE,WV5,ZWV5GWS
DCXJ96,,2025-09-10T13:57:07.117+00:00,,Galileo,,Ticketed,TRUE,WV5,ZWV5GWS
EB6Y3U,,2025-09-10T13:40:06.262+00:00,,Galileo,,Ticketed,TRUE,,
DCXJZN,,2025-09-10T13:58:43.699+00:00,,Galileo,,Ticketed,TRUE,8QV0,Z8QV0GWS
DCXK6Z,,2025-09-10T13:59:22.981+00:00,,Galileo,,Ticketed,TRUE,8QV0,Z8QV0GWS
DCXJJY,,2025-09-10T14:00:55.462+00:00,,Galileo,,Ticketed,TRUE,D40,Z3HB3GWS
DCXL0D,,2025-09-10T14:01:08.095+00:00,,Galileo,,Ticketed,TRUE,8QV0,Z8QV0GWS
BD4CYR,,2025-09-10T13:49:51.254+00:00,,Galileo,,Ticketed,TRUE,,
LBIUVX,,2025-09-10T13:54:16.308+00:00,,Galileo,,Ticketed,TRUE,,
DCXL1P,,2025-09-10T14:01:14.230+00:00,,Galileo,,Ticketed,TRUE,8JY1,Z8JY1GWS
DCXLCR,,2025-09-10T14:01:57.606+00:00,,Galileo,,Ticketed,TRUE,WV5,ZWV5GWS
DCXLG5,,2025-09-10T14:02:07.869+00:00,,Galileo,,Ticketed,TRUE,WV5,ZWV5GWS
DCXLR1,,2025-09-10T14:02:48.447+00:00,,Galileo,,Ticketed,TRUE,8QV0,Z8QV0GWS
T9HBJA,,2025-09-10T13:54:09.541+00:00,,Galileo,,Ticketed,TRUE,,
DCXLWC,,2025-09-10T14:03:06.160+00:00,,Galileo,,Ticketed,TRUE,7K1J,Z7K1JGWS
DCXLZ4,,2025-09-10T14:03:19.727+00:00,,Galileo,,Ticketed,TRUE,8QV0,Z8QV0GWS
DCXM0B,,2025-09-10T14:03:24.443+00:00,,Galileo,,Ticketed,TRUE,8QV0,Z8QV0GWS
DCXM35,,2025-09-10T14:03:36.978+00:00,,Galileo,,Ticketed,TRUE,8QV0,Z8QV0GWS
W1WWVL,,2025-09-10T13:57:15.582+00:00,,Galileo,,Ticketed,TRUE,,
DCXM4C,,2025-09-10T14:03:40.916+00:00,,Galileo,,Ticketed,TRUE,8QV0,Z8QV0GWS
DCXMGM,,2025-09-10T14:04:28.147+00:00,,Galileo,,Ticketed,TRUE,8JY1,Z8JY1GWS
DCXMM2,,2025-09-10T14:04:47.419+00:00,,Galileo,,Ticketed,TRUE,8JY1,Z8JY1GWS
DCXM3M,,2025-09-10T14:05:48.046+00:00,,Galileo,,Ticketed,TRUE,D40,Z3HB3GWS
DCXMT4,,2025-09-10T14:05:13.859+00:00,,Galileo,,Ticketed,TRUE,WV5,ZWV5GWS
DCXMXM,,2025-09-10T14:05:34.179+00:00,,Galileo,,Ticketed,TRUE,7K1J,Z7K1JGWS
DCXN3K,,2025-09-10T14:06:00.477+00:00,,Galileo,,Ticketed,TRUE,8JY1,Z8JY1GWS
DCXNWS,,2025-09-10T14:07:56.470+00:00,,Galileo,,Ticketed,TRUE,8JY1,Z8JY1GWS
DCXNXY,,2025-09-10T14:08:01.705+00:00,,Galileo,,Ticketed,TRUE,7K1J,Z7K1JGWS
DCXNJ9,,2025-09-10T14:07:05.181+00:00,,Galileo,,Ticketed,TRUE,8QV0,Z8QV0GWS
DCXN9D,,2025-09-10T14:06:27.409+00:00,,Galileo,,Ticketed,TRUE,8QV0,Z8QV0GWS
DCXP0S,,2025-09-10T14:08:14.749+00:00,,Galileo,,Ticketed,TRUE,8QV0,Z8QV0GWS
DCXP4N,,2025-09-10T14:08:30.982+00:00,,Galileo,,Ticketed,TRUE,8QV0,Z8QV0GWS
DCXP80,,2025-09-10T14:08:44.902+00:00,,Galileo,,Ticketed,TRUE,8JY1,Z8JY1GWS
DCXQ39,,2025-09-10T14:10:48.339+00:00,,Galileo,,Ticketed,TRUE,8QV0,Z8QV0GWS
DCXQ9B,,2025-09-10T14:11:15.174+00:00,,Galileo,,Ticketed,TRUE,8QV0,Z8QV0GWS
DCXQG0,,2025-09-10T14:11:40.255+00:00,,Galileo,,Ticketed,TRUE,WV5,ZWV5GWS
DCWQ6Z,,2025-09-10T14:11:57.956+00:00,,Galileo,,Ticketed,TRUE,D40,Z3HB3GWS
DCXRMF,,2025-09-10T14:14:26.263+00:00,,Galileo,,Ticketed,TRUE,8QV0,Z8QV0GWS
DCXRLV,,2025-09-10T14:14:23.428+00:00,,Galileo,,Ticketed,TRUE,8JY1,Z8JY1GWS
DCXSLF,,2025-09-10T14:16:44.098+00:00,,Galileo,,Ticketed,TRUE,8QV0,Z8QV0GWS
D6J8GZ,,2025-09-10T14:15:43.947+00:00,,Galileo,,Ticketed,TRUE,D40,Z3HB3GWS
DCXSMC,,2025-09-10T14:16:49.017+00:00,,Galileo,,Ticketed,TRUE,8JY1,Z8JY1GWS
DCXSXL,,2025-09-10T14:17:33.744+00:00,,Galileo,,Ticketed,TRUE,8QV0,Z8QV0GWS
DCXT8D,,2025-09-10T14:18:22.156+00:00,,Galileo,,Ticketed,TRUE,8QV0,Z8QV0GWS
DCXSPC,,2025-09-10T14:16:57.915+00:00,,Galileo,,Ticketed,TRUE,WV5,ZWV5GWS
DCXTCD,,2025-09-10T14:18:35.792+00:00,,Galileo,,Ticketed,TRUE,8QV0,Z8QV0GWS
DCXTJX,,2025-09-10T14:19:03.655+00:00,,Galileo,,Ticketed,TRUE,WV5,ZWV5GWS
DCXTP1,,2025-09-10T14:19:22.988+00:00,,Galileo,,Ticketed,TRUE,8QV0,Z8QV0GWS
DCXTL6,,2025-09-10T14:19:09.284+00:00,,Galileo,,Ticketed,TRUE,8QV0,Z8QV0GWS
DCXTV8,,2025-09-10T14:19:45.506+00:00,,Galileo,,Ticketed,TRUE,8JY1,Z8JY1GWS
DCXTYX,,2025-09-10T14:20:02.186+00:00,,Galileo,,Ticketed,TRUE,8JY1,Z8JY1GWS
DCXV0J,,2025-09-10T14:20:08.703+00:00,,Galileo,,Ticketed,TRUE,8QV0,Z8QV0GWS
DCXVBG,,2025-09-10T14:20:54.594+00:00,,Galileo,,Ticketed,TRUE,8JY1,Z8JY1GWS
DCXVJV,,2025-09-10T14:21:22.196+00:00,,Galileo,,Ticketed,TRUE,8JY1,Z8JY1GWS
S3BF6C,,2025-09-10T14:03:49.882+00:00,,Galileo,,Ticketed,TRUE,,
DCXW04,,2025-09-10T14:22:26.655+00:00,,Galileo,,Ticketed,TRUE,8QV0,Z8QV0GWS
DCXW1G,,2025-09-10T14:22:33.689+00:00,,Galileo,,Ticketed,TRUE,8JY1,Z8JY1GWS
DCXWTN,,2025-09-10T14:24:25.638+00:00,,Galileo,,Ticketed,TRUE,8QV0,Z8QV0GWS
DCXWDS,,2025-09-10T14:23:26.185+00:00,,Galileo,,Ticketed,TRUE,8QV0,Z8QV0GWS
DCXWYR,,2025-09-10T14:24:48.292+00:00,,Galileo,,Ticketed,TRUE,7K1J,Z7K1JGWS
DCXXP3,,2025-09-10T14:26:31.109+00:00,,Galileo,,Ticketed,TRUE,7K1J,Z7K1JGWS
DCYBQB,,2025-09-10T14:59:11.695+00:00,,Galileo,,Ticketed,TRUE,8QV0,Z8QV0GWS
DCXX61,,2025-09-10T14:25:25.266+00:00,,Galileo,,Ticketed,TRUE,8JY1,ZXI7GWS
DCXVBQ,,2025-09-10T14:27:28.397+00:00,,Galileo,,Ticketed,TRUE,8QV0,Z8QV0GWS
DCXY60,,2025-09-10T14:27:44.200+00:00,,Galileo,,Ticketed,TRUE,8JY1,Z8JY1GWS
DCXV6D,,2025-09-10T14:27:58.464+00:00,,Galileo,,Ticketed,TRUE,8QV0,Z8QV0GWS
DCXY8B,,2025-09-10T14:27:51.511+00:00,,Galileo,,Ticketed,TRUE,WV5,ZWV5GWS
DCXYMY,,2025-09-10T14:28:43.553+00:00,,Galileo,,Ticketed,TRUE,8JY1,Z8JY1GWS
DCXY9Z,,2025-09-10T14:27:59.020+00:00,,Galileo,,Ticketed,TRUE,8QV0,Z8QV0GWS
DCXZVQ,,2025-09-10T14:31:42.693+00:00,,Galileo,,Ticketed,TRUE,8JY1,Z8JY1GWS
DCY00P,,2025-09-10T14:32:06.449+00:00,,Galileo,,Ticketed,TRUE,8QV0,Z8QV0GWS
DCY1X9,,2025-09-10T14:36:49.855+00:00,,Galileo,,Ticketed,TRUE,8QV0,Z8QV0GWS
DCY1Q1,,2025-09-10T14:36:19.413+00:00,,Galileo,,Ticketed,TRUE,WV5,ZWV5GWS
DCY0C1,,2025-09-10T14:37:16.399+00:00,,Galileo,,Ticketed,TRUE,D40,Z3HB3GWS
DCY24H,,2025-09-10T14:37:22.557+00:00,,Galileo,,Ticketed,TRUE,8QV0,Z8QV0GWS
DCY27X,,2025-09-10T14:37:39.625+00:00,,Galileo,,Ticketed,TRUE,8JY1,Z8JY1GWS
DCY2HG,,2025-09-10T14:38:16.833+00:00,,Galileo,,Ticketed,TRUE,WV5,ZWV5GWS
B58RUZ,,2025-09-10T14:19:41.262+00:00,,Galileo,,Ticketed,TRUE,,
DCY33Y,,2025-09-10T14:39:46.904+00:00,,Galileo,,Ticketed,TRUE,WV5,ZWV5GWS
DCY386,,2025-09-10T14:40:09.336+00:00,,Galileo,,Ticketed,TRUE,WV5,ZWV5GWS
DCY3SP,,2025-09-10T14:41:32.506+00:00,,Galileo,,Ticketed,TRUE,8QV0,Z8QV0GWS
DCY3T8,,2025-09-10T14:41:33.278+00:00,,Galileo,,Ticketed,TRUE,8JY1,Z8JY1GWS
DCY49B,,2025-09-10T14:42:56.597+00:00,,Galileo,,Ticketed,TRUE,WV5,ZWV5GWS
DCY4MY,,2025-09-10T14:43:45.530+00:00,,Galileo,,Ticketed,TRUE,WV5,ZWV5GWS
DCY4QT,,2025-09-10T14:43:58.906+00:00,,Galileo,,Ticketed,TRUE,8JY1,Z8JY1GWS
DCY4X7,,2025-09-10T14:44:22.967+00:00,,Galileo,,Ticketed,TRUE,8JY1,Z8JY1GWS
DCY50F,,2025-09-10T14:44:39.890+00:00,,Galileo,,Ticketed,TRUE,8QV0,Z8QV0GWS
DCY555,,2025-09-10T14:45:06.435+00:00,,Galileo,,Ticketed,TRUE,8QV0,Z8QV0GWS
DCY56Y,,2025-09-10T14:45:14.252+00:00,,Galileo,,Ticketed,TRUE,8QV0,Z8QV0GWS
DCY599,,2025-09-10T14:45:29.337+00:00,,Galileo,,Ticketed,TRUE,7K1J,Z7K1JGWS
DCY5HJ,,2025-09-10T14:46:00.768+00:00,,Galileo,,Ticketed,TRUE,WV5,ZWV5GWS
DCY5HC,,2025-09-10T14:45:59.817+00:00,,Galileo,,Ticketed,TRUE,8QV0,Z8QV0GWS
DCY5J4,,2025-09-10T14:46:03.482+00:00,,Galileo,,Ticketed,TRUE,8QV0,Z8QV0GWS
DCY5J6,,2025-09-10T14:46:03.759+00:00,,Galileo,,Ticketed,TRUE,8QV0,Z8QV0GWS
DCY5Q6,,2025-09-10T14:46:30.852+00:00,,Galileo,,Ticketed,TRUE,8JY1,Z8JY1GWS
DCY605,,2025-09-10T14:47:17.330+00:00,,Galileo,,Ticketed,TRUE,8JY1,ZXI7GWS
L4S12Z,,2025-09-10T14:36:59.876+00:00,,Galileo,,Ticketed,TRUE,,
DCY649,,2025-09-10T14:47:38.205+00:00,,Galileo,,Ticketed,TRUE,8QV0,Z8QV0GWS
TYRIYN,,2025-09-10T14:36:58.405+00:00,,Galileo,,Ticketed,TRUE,,
DCY66M,,2025-09-10T14:47:51.295+00:00,,Galileo,,Ticketed,TRUE,8QV0,Z8QV0GWS
DCY6Z1,,2025-09-10T14:49:46.113+00:00,,Galileo,,Ticketed,TRUE,7K1J,Z7K1JGWS
DCY8FS,,2025-09-10T14:53:22.991+00:00,,Galileo,,Ticketed,TRUE,WV5,ZWV5GWS
DCY8B4,,2025-09-10T14:53:00.693+00:00,,Galileo,,Ticketed,TRUE,7K1J,Z7K1JGWS
DCY8WW,,2025-09-10T14:54:33.934+00:00,,Galileo,,Ticketed,TRUE,WV5,ZWV5GWS
DCY9H3,,2025-09-10T14:57:24.681+00:00,,Galileo,,Ticketed,TRUE,8JY1,ZXI7GWS
DCY9ZT,,2025-09-10T14:57:27.655+00:00,,Galileo,,Ticketed,TRUE,8JY1,Z8JY1GWS
DCYB7P,,2025-09-10T14:58:04.497+00:00,,Galileo,,Ticketed,TRUE,WV5,ZWV5GWS
DCYB11,,2025-09-10T14:57:32.507+00:00,,Galileo,,Ticketed,TRUE,8JY1,Z8JY1GWS
DCYBLD,,2025-09-10T14:58:51.141+00:00,,Galileo,,Ticketed,TRUE,8JY1,Z8JY1GWS
DCYBTB,,2025-09-10T14:59:24.775+00:00,,Galileo,,Ticketed,TRUE,7K1J,Z7K1JGWS
DCYBLF,,2025-09-10T14:58:51.589+00:00,,Galileo,,Ticketed,TRUE,WV5,ZWV5GWS
DCYC69,,2025-09-10T15:00:26.952+00:00,,Galileo,,Ticketed,TRUE,8JY1,Z8JY1GWS
DCYC78,,2025-09-10T15:00:32.044+00:00,,Galileo,,Ticketed,TRUE,7K1J,Z7K1JGWS
DCYC89,,2025-09-10T15:00:38.990+00:00,,Galileo,,Ticketed,TRUE,8JY1,Z8JY1GWS
DCYD9C,,2025-09-10T15:03:15.518+00:00,,Galileo,,Ticketed,TRUE,7K1J,Z7K1JGWS
DCYBLN,,2025-09-10T15:01:26.194+00:00,,Galileo,,Ticketed,TRUE,8QV0,Z8QV0GWS
DCYDBM,,2025-09-10T15:03:20.715+00:00,,Galileo,,Ticketed,TRUE,8QV0,Z8QV0GWS
DCYDDL,,2025-09-10T15:03:29.419+00:00,,Galileo,,Ticketed,TRUE,WV5,ZWV5GWS
DCYFGB,,2025-09-10T15:06:16.166+00:00,,Galileo,,Ticketed,TRUE,8JY1,Z8JY1GWS
DCYDNY,,2025-09-10T15:04:13.106+00:00,,Galileo,,Ticketed,TRUE,7K1J,Z7K1JGWS
DCYGS6,,2025-09-10T15:09:29.990+00:00,,Galileo,,Ticketed,TRUE,WV5,ZWV5GWS
DCYG03,,2025-09-10T15:07:30.882+00:00,,Galileo,,Ticketed,TRUE,8QV0,Z8QV0GWS
DCYGJG,,2025-09-10T15:08:50.666+00:00,,Galileo,,Ticketed,TRUE,7K1J,Z7K1JGWS
DCYGTF,,2025-09-10T15:09:37.346+00:00,,Galileo,,Ticketed,TRUE,WV5,ZWV5GWS
DCYGSD,,2025-09-10T15:09:30.423+00:00,,Galileo,,Ticketed,TRUE,8JY1,Z8JY1GWS
DCYHR5,,2025-09-10T15:12:00.937+00:00,,Galileo,,Ticketed,TRUE,8QV0,Z8QV0GWS
R5WP3J,,2025-09-10T14:47:06.621+00:00,,Galileo,,Ticketed,TRUE,,
DCYJ0Q,,2025-09-10T15:12:40.667+00:00,,Galileo,,Ticketed,TRUE,8QV0,Z8QV0GWS
DCWWZH,,2025-09-10T15:14:16.962+00:00,,Galileo,,Ticketed,TRUE,D40,Z3HB3GWS
DCYK2D,,2025-09-10T15:15:26.942+00:00,,Galileo,,Ticketed,TRUE,8QV0,Z8QV0GWS
DCWTTM,,2025-09-10T15:15:53.669+00:00,,Galileo,,Ticketed,TRUE,D40,Z3HB3GWS
DCYK2X,,2025-09-10T15:15:29.468+00:00,,Galileo,,Ticketed,TRUE,7K1J,Z7K1JGWS
DCYKD4,,2025-09-10T15:16:17.861+00:00,,Galileo,,Ticketed,TRUE,WV5,ZWV5GWS
DCYKCZ,,2025-09-10T15:16:17.506+00:00,,Galileo,,Ticketed,TRUE,WV5,ZWV5GWS
DCYKW6,,2025-09-10T15:17:30.223+00:00,,Galileo,,Ticketed,TRUE,7K1J,Z7K1JGWS
DCYKLV,,2025-09-10T15:16:43.620+00:00,,Galileo,,Ticketed,TRUE,8JY1,Z8JY1GWS
DCYL1X,,2025-09-10T15:17:59.866+00:00,,Galileo,,Ticketed,TRUE,8QV0,Z8QV0GWS
DCYL4K,,2025-09-10T15:18:13.310+00:00,,Galileo,,Ticketed,TRUE,WV5,ZWV5GWS
U8P2XT,,2025-09-10T14:59:53.451+00:00,,Galileo,,Ticketed,TRUE,,
DCYMS9,,2025-09-10T15:22:19.827+00:00,,Galileo,,Ticketed,TRUE,WV5,ZWV5GWS
DCYMSC,,2025-09-10T15:22:20.252+00:00,,Galileo,,Ticketed,TRUE,WV5,ZWV5GWS
DCYMXT,,2025-09-10T15:22:42.997+00:00,,Galileo,,Ticketed,TRUE,8QV0,Z8QV0GWS
DCYMR4,,2025-09-10T15:22:13.666+00:00,,Galileo,,Ticketed,TRUE,8JY1,ZXI7GWS
DCYNJF,,2025-09-10T15:24:14.657+00:00,,Galileo,,Ticketed,TRUE,8JY1,Z8JY1GWS
DCYNGW,,2025-09-10T15:24:07.435+00:00,,Galileo,,Ticketed,TRUE,8QV0,Z8QV0GWS
DCYN89,,2025-09-10T15:23:33.396+00:00,,Galileo,,Ticketed,TRUE,8JY1,Z8JY1GWS
DCYNPH,,2025-09-10T15:24:41.891+00:00,,Galileo,,Ticketed,TRUE,8QV0,Z8QV0GWS
DCYP68,,2025-09-10T15:26:07.062+00:00,,Galileo,,Ticketed,TRUE,8QV0,Z8QV0GWS
DCYNR0,,2025-09-10T15:24:48.988+00:00,,Galileo,,Ticketed,TRUE,8QV0,Z8QV0GWS
DCYPLF,,2025-09-10T15:27:12.122+00:00,,Galileo,,Ticketed,TRUE,8QV0,Z8QV0GWS
DCYP79,,2025-09-10T15:26:13.396+00:00,,Galileo,,Ticketed,TRUE,8QV0,Z8QV0GWS
DCYQMF,,2025-09-10T15:30:09.839+00:00,,Galileo,,Ticketed,TRUE,8JY1,Z8JY1GWS
DCYQ88,,2025-09-10T15:29:05.293+00:00,,Galileo,,Ticketed,TRUE,7K1J,Z7K1JGWS
DCYQ16,,2025-09-10T15:28:27.654+00:00,,Galileo,,Ticketed,TRUE,WV5,ZWV5GWS
DCYQWR,,2025-09-10T15:30:53.338+00:00,,Galileo,,Ticketed,TRUE,8QV0,Z8QV0GWS
DCYRGB,,2025-09-10T15:32:26.736+00:00,,Galileo,,Ticketed,TRUE,8QV0,Z8QV0GWS
DCYR11,,2025-09-10T15:31:16.843+00:00,,Galileo,,Ticketed,TRUE,8JY1,Z8JY1GWS
DCYRHZ,,2025-09-10T15:32:37.180+00:00,,Galileo,,Ticketed,TRUE,8JY1,Z8JY1GWS
DCYPN8,,2025-09-10T15:31:35.772+00:00,,Galileo,,Ticketed,TRUE,8QV0,Z8QV0GWS
DCYRP8,,2025-09-10T15:33:04.408+00:00,,Galileo,,Ticketed,TRUE,7K1J,Z7K1JGWS
DCYRQ3,,2025-09-10T15:33:08.851+00:00,,Galileo,,Ticketed,TRUE,8QV0,Z8QV0GWS
DCYRMC,,2025-09-10T15:32:54.597+00:00,,Galileo,,Ticketed,TRUE,8QV0,Z8QV0GWS
DCYSL2,,2025-09-10T15:35:32.245+00:00,,Galileo,,Ticketed,TRUE,8QV0,Z8QV0GWS
DCYSTX,,2025-09-10T15:36:13.858+00:00,,Galileo,,Ticketed,TRUE,WV5,ZWV5GWS
DCYSPZ,,2025-09-10T15:35:53.021+00:00,,Galileo,,Ticketed,TRUE,7K1J,Z7K1JGWS
DCYSYF,,2025-09-10T15:36:34.153+00:00,,Galileo,,Ticketed,TRUE,8QV0,Z8QV0GWS
DCYT4Z,,2025-09-10T15:37:06.616+00:00,,Galileo,,Ticketed,TRUE,8JY1,Z8JY1GWS
DCYTK0,,2025-09-10T15:38:06.057+00:00,,Galileo,,Ticketed,TRUE,8QV0,Z8QV0GWS
L37G3P,,2025-09-10T15:17:15.170+00:00,,Galileo,,Ticketed,TRUE,,
DCYTSK,,2025-09-10T15:38:41.876+00:00,,Galileo,,Ticketed,TRUE,8QV0,Z8QV0GWS
DCYT1S,,2025-09-10T15:39:43.918+00:00,,Galileo,,Ticketed,TRUE,D40,Z3HB3GWS
DCYV0R,,2025-09-10T15:39:47.366+00:00,,Galileo,,Ticketed,TRUE,8JY1,ZXI7GWS
DCYVM9,,2025-09-10T15:40:57.265+00:00,,Galileo,,Ticketed,TRUE,7K1J,Z7K1JGWS
DCYVRB,,2025-09-10T15:41:16.440+00:00,,Galileo,,Ticketed,TRUE,8JY1,Z8JY1GWS
DCYVWZ,,2025-09-10T15:41:43.333+00:00,,Galileo,,Ticketed,TRUE,8QV0,Z8QV0GWS
DCYWQH,,2025-09-10T15:43:52.168+00:00,,Galileo,,Ticketed,TRUE,7K1J,Z7K1JGWS
DCYX7N,,2025-09-10T15:45:16.079+00:00,,Galileo,,Ticketed,TRUE,8JY1,Z8JY1GWS
DCYWRZ,,2025-09-10T15:44:00.055+00:00,,Galileo,,Ticketed,TRUE,7K1J,Z7K1JGWS
DCYWKX,,2025-09-10T15:43:28.326+00:00,,Galileo,,Ticketed,TRUE,8QV0,Z8QV0GWS
DCYXB3,,2025-09-10T15:45:29.017+00:00,,Galileo,,Ticketed,TRUE,WV5,ZWV5GWS
DCYXFV,,2025-09-10T15:45:51.331+00:00,,Galileo,,Ticketed,TRUE,8JY1,Z8JY1GWS
DCYXYP,,2025-09-10T15:47:23.170+00:00,,Galileo,,Ticketed,TRUE,7K1J,Z7K1JGWS
DCYYLG,,2025-09-10T15:49:04.436+00:00,,Galileo,,Ticketed,TRUE,WV5,ZWV5GWS
DCYYR4,,2025-09-10T15:49:30.292+00:00,,Galileo,,Ticketed,TRUE,8QV0,Z8QV0GWS
DCYYLW,,2025-09-10T15:49:07.630+00:00,,Galileo,,Ticketed,TRUE,8QV0,Z8QV0GWS
DCYYVT,,2025-09-10T15:49:49.040+00:00,,Galileo,,Ticketed,TRUE,WV5,ZWV5GWS
DCYZ1B,,2025-09-10T15:50:17.841+00:00,,Galileo,,Ticketed,TRUE,WV5,ZWV5GWS
DCYZ1Q,,2025-09-10T15:50:19.953+00:00,,Galileo,,Ticketed,TRUE,8QV0,Z8QV0GWS
DCYZCM,,2025-09-10T15:51:14.734+00:00,,Galileo,,Ticketed,TRUE,8JY1,Z8JY1GWS
DCYZF5,,2025-09-10T15:51:23.950+00:00,,Galileo,,Ticketed,TRUE,8JY1,Z8JY1GWS
DCYZV9,,2025-09-10T15:52:35.103+00:00,,Galileo,,Ticketed,TRUE,8QV0,Z8QV0GWS
DCYZZ9,,2025-09-10T15:53:02.282+00:00,,Galileo,,Ticketed,TRUE,WV5,ZWV5GWS
DCYZDZ,,2025-09-10T15:53:48.738+00:00,,Galileo,,Ticketed,TRUE,8JY1,ZXI7GWS
DCZ0RW,,2025-09-10T15:55:22.589+00:00,,Galileo,,Ticketed,TRUE,8QV0,Z8QV0GWS
DCZ0RJ,,2025-09-10T15:55:21.036+00:00,,Galileo,,Ticketed,TRUE,WV5,ZWV5GWS
DCZ16K,,2025-09-10T15:56:39.078+00:00,,Galileo,,Ticketed,TRUE,8QV0,Z8QV0GWS
DCZ0CM,,2025-09-10T15:57:00.050+00:00,,Galileo,,Ticketed,TRUE,D40,Z3HB3GWS
DCZ1CD,,2025-09-10T15:57:05.418+00:00,,Galileo,,Ticketed,TRUE,8JY1,Z8JY1GWS
DCZ1Q4,,2025-09-10T15:57:59.008+00:00,,Galileo,,Ticketed,TRUE,8QV0,Z8QV0GWS
H1H83V,,2025-09-10T15:38:12.219+00:00,,Galileo,,Ticketed,TRUE,,
DCZ1ZH,,2025-09-10T15:58:45.057+00:00,,Galileo,,Ticketed,TRUE,8QV0,Z8QV0GWS
DCZ270,,2025-09-10T15:59:25.025+00:00,,Galileo,,Ticketed,TRUE,8QV0,Z8QV0GWS
DCZ2CF,,2025-09-10T15:59:49.227+00:00,,Galileo,,Ticketed,TRUE,8QV0,Z8QV0GWS
DCZ2GM,,2025-09-10T16:00:10.585+00:00,,Galileo,,Ticketed,TRUE,8QV0,Z8QV0GWS
DCZ2XF,,2025-09-10T16:01:19.390+00:00,,Galileo,,Ticketed,TRUE,WV5,ZWV5GWS
DCZ321,,2025-09-10T16:01:38.200+00:00,,Galileo,,Ticketed,TRUE,7K1J,Z7K1JGWS
DCZ32J,,2025-09-10T16:01:40.121+00:00,,Galileo,,Ticketed,TRUE,8QV0,Z8QV0GWS
DCZ3JT,,2025-09-10T16:02:57.145+00:00,,Galileo,,Ticketed,TRUE,WV5,ZWV5GWS
DCZ3XX,,2025-09-10T16:04:02.622+00:00,,Galileo,,Ticketed,TRUE,8JY1,Z8JY1GWS
DCZ4DM,,2025-09-10T16:05:29.545+00:00,,Galileo,,Ticketed,TRUE,8JY1,Z8JY1GWS
DCZ4YF,,2025-09-10T16:07:11.080+00:00,,Galileo,,Ticketed,TRUE,8JY1,Z8JY1GWS
DCZ4WJ,,2025-09-10T16:06:59.370+00:00,,Galileo,,Ticketed,TRUE,8JY1,Z8JY1GWS
DCZ55J,,2025-09-10T16:07:53.558+00:00,,Galileo,,Ticketed,TRUE,8JY1,Z8JY1GWS
S7PD2T,,2025-09-10T15:53:50.333+00:00,,Galileo,,Ticketed,TRUE,,
DCZ5V8,,2025-09-10T16:09:56.230+00:00,,Galileo,,Ticketed,TRUE,8JY1,Z8JY1GWS
DCZ59S,,2025-09-10T16:08:16.953+00:00,,Galileo,,Ticketed,TRUE,8JY1,Z8JY1GWS
DCZ5VV,,2025-09-10T16:10:00.429+00:00,,Galileo,,Ticketed,TRUE,8QV0,Z8QV0GWS
VCPDYH,,2025-09-10T15:57:00.960+00:00,,Galileo,,Ticketed,TRUE,,
DCZ6K8,,2025-09-10T16:12:08.122+00:00,,Galileo,,Ticketed,TRUE,WV5,ZWV5GWS
DCZ6RY,,2025-09-10T16:12:42.789+00:00,,Galileo,,Ticketed,TRUE,8QV0,Z8QV0GWS
DCZ7CP,,2025-09-10T16:14:37.956+00:00,,Galileo,,Ticketed,TRUE,8JY1,Z8JY1GWS
DCZ7HQ,,2025-09-10T16:14:59.869+00:00,,Galileo,,Ticketed,TRUE,WV5,ZWV5GWS
DCZ7LR,,2025-09-10T16:15:18.819+00:00,,Galileo,,Ticketed,TRUE,8QV0,Z8QV0GWS
DCZLTQ,,2025-09-10T16:52:38.503+00:00,,Galileo,,Ticketed,TRUE,7K1J,Z7K1JGWS
DCZ7X3,,2025-09-10T16:16:14.821+00:00,,Galileo,,Ticketed,TRUE,7K1J,Z7K1JGWS
DCZ811,,2025-09-10T16:16:45.862+00:00,,Galileo,,Ticketed,TRUE,8QV0,Z8QV0GWS
DCZ6TL,,2025-09-10T16:16:35.324+00:00,,Galileo,,Ticketed,TRUE,8JY1,ZXI7GWS
DCZ83X,,2025-09-10T16:17:00.696+00:00,,Galileo,,Ticketed,TRUE,7K1J,Z7K1JGWS
DCZ8J2,,2025-09-10T16:18:14.393+00:00,,Galileo,,Ticketed,TRUE,8QV0,
DCZ77J,,2025-09-10T16:19:01.708+00:00,,Galileo,,Ticketed,TRUE,8JY1,ZXI7GWS
T84NMG,,2025-09-10T16:01:19.744+00:00,,Galileo,,Ticketed,TRUE,,
DCZ8XY,,2025-09-10T16:19:32.668+00:00,,Galileo,,Ticketed,TRUE,8QV0,Z8QV0GWS
DCZ9D3,,2025-09-10T16:20:58.232+00:00,,Galileo,,Ticketed,TRUE,8JY1,Z8JY1GWS
DCZ9LX,,2025-09-10T16:21:34.320+00:00,,Galileo,,Ticketed,TRUE,8QV0,Z8QV0GWS
DCZB5V,,2025-09-10T16:23:24.741+00:00,,Galileo,,Ticketed,TRUE,8QV0,Z8QV0GWS
DCZ9VD,,2025-09-10T16:22:24.534+00:00,,Galileo,,Ticketed,TRUE,8QV0,Z8QV0GWS
DCZ9YR,,2025-09-10T16:22:42.675+00:00,,Galileo,,Ticketed,TRUE,8JY1,Z8JY1GWS
DCZBN8,,2025-09-10T16:24:50.415+00:00,,Galileo,,Ticketed,TRUE,8JY1,Z8JY1GWS
DCZBRZ,,2025-09-10T16:25:12.696+00:00,,Galileo,,Ticketed,TRUE,7K1J,Z7K1JGWS
DCZBV0,,2025-09-10T16:25:25.416+00:00,,Galileo,,Ticketed,TRUE,WV5,ZWV5GWS
DCZBW2,,2025-09-10T16:25:33.209+00:00,,Galileo,,Ticketed,TRUE,8JY1,Z8JY1GWS
DCZCH4,,2025-09-10T16:27:37.441+00:00,,Galileo,,Ticketed,TRUE,8JY1,Z8JY1GWS
DCZC98,,2025-09-10T16:27:02.712+00:00,,Galileo,,Ticketed,TRUE,8QV0,Z8QV0GWS
DCZCHC,,2025-09-10T16:27:39.208+00:00,,Galileo,,Ticketed,TRUE,8QV0,Z8QV0GWS
DCZCHY,,2025-09-10T16:27:42.624+00:00,,Galileo,,Ticketed,TRUE,8QV0,Z8QV0GWS
DCZDM0,,2025-09-10T16:31:15.055+00:00,,Galileo,,Ticketed,TRUE,WV5,ZWV5GWS
DCZCRR,,2025-09-10T16:28:33.746+00:00,,Galileo,,Ticketed,TRUE,8JY1,Z8JY1GWS
DCZG3K,,2025-09-10T16:36:18.911+00:00,,Galileo,,Ticketed,TRUE,8JY1,Z8JY1GWS
DCZGBL,,2025-09-10T16:37:05.797+00:00,,Galileo,,Ticketed,TRUE,7K1J,Z7K1JGWS
DCZG4L,,2025-09-10T16:36:23.690+00:00,,Galileo,,Ticketed,TRUE,7K1J,Z7K1JGWS
DCZGFL,,2025-09-10T16:37:25.823+00:00,,Galileo,,Ticketed,TRUE,WV5,ZWV5GWS
DCZFG0,,2025-09-10T16:39:11.692+00:00,,Galileo,,Ticketed,TRUE,8JY1,ZXI7GWS
DCZH0W,,2025-09-10T16:39:24.780+00:00,,Galileo,,Ticketed,TRUE,8QV0,Z8QV0GWS
DCZH7S,,2025-09-10T16:40:10.249+00:00,,Galileo,,Ticketed,TRUE,7K1J,Z7K1JGWS
DCZHFM,,2025-09-10T16:40:50.467+00:00,,Galileo,,Ticketed,TRUE,8QV0,Z8QV0GWS
DCZHKV,,2025-09-10T16:41:18.080+00:00,,Galileo,,Ticketed,TRUE,8JY1,Z8JY1GWS
DCZHS4,,2025-09-10T16:41:55.172+00:00,,Galileo,,Ticketed,TRUE,WV5,ZWV5GWS
W6L3YM,,2025-09-10T16:19:48.852+00:00,,Galileo,,Ticketed,TRUE,,
DCZHTZ,,2025-09-10T16:42:08.277+00:00,,Galileo,,Ticketed,TRUE,7K1J,Z7K1JGWS
DCZJL1,,2025-09-10T16:44:37.077+00:00,,Galileo,,Ticketed,TRUE,8QV0,Z8QV0GWS
M6EIPJ,,2025-09-10T16:25:30.999+00:00,,Galileo,,Ticketed,TRUE,,
DCZJXR,,2025-09-10T16:45:48.223+00:00,,Galileo,,Ticketed,TRUE,8QV0,Z8QV0GWS
DCZKSR,,2025-09-10T16:48:53.169+00:00,,Galileo,,Ticketed,TRUE,8QV0,Z8QV0GWS
DCZL00,,2025-09-10T16:49:27.919+00:00,,Galileo,,Ticketed,TRUE,8JY1,Z8JY1GWS
DCZL1B,,2025-09-10T16:49:37.032+00:00,,Galileo,,Ticketed,TRUE,8JY1,Z8JY1GWS
DCZL43,,2025-09-10T16:49:56.596+00:00,,Galileo,,Ticketed,TRUE,8QV0,Z8QV0GWS
DCZL9L,,2025-09-10T16:50:39.144+00:00,,Galileo,,Ticketed,TRUE,8JY1,Z8JY1GWS
DCZLCW,,2025-09-10T16:50:59.642+00:00,,Galileo,,Ticketed,TRUE,8QV0,Z8QV0GWS
EYSQ8H,,2025-09-10T16:40:16.379+00:00,,Galileo,,Ticketed,TRUE,,
DCZLFT,,2025-09-10T16:51:13.717+00:00,,Galileo,,Ticketed,TRUE,8QV0,Z8QV0GWS
DCZLVN,,2025-09-10T16:52:45.607+00:00,,Galileo,,Ticketed,TRUE,WV5,ZWV5GWS
F3WZJP,,2025-09-10T16:42:26.918+00:00,,Galileo,,Ticketed,TRUE,,
DCZM7R,,2025-09-10T16:54:11.584+00:00,,Galileo,,Ticketed,TRUE,8QV0,Z8QV0GWS
DCZLLF,,2025-09-10T16:54:05.984+00:00,,Galileo,,Ticketed,TRUE,8JY1,ZXI7GWS
DCZMBM,,2025-09-10T16:54:27.731+00:00,,Galileo,,Ticketed,TRUE,WV5,ZWV5GWS
DCZMZD,,2025-09-10T16:56:57.626+00:00,,Galileo,,Ticketed,TRUE,8JY1,Z8JY1GWS
YBN9RK,,2025-09-10T16:45:13.815+00:00,,Galileo,,Ticketed,TRUE,,
DCZN40,,2025-09-10T16:57:31.013+00:00,,Galileo,,Ticketed,TRUE,8QV0,Z8QV0GWS
DCZN3F,,2025-09-10T16:57:27.529+00:00,,Galileo,,Ticketed,TRUE,8QV0,Z8QV0GWS
DCZN9R,,2025-09-10T16:58:15.761+00:00,,Galileo,,Ticketed,TRUE,WV5,ZWV5GWS
DCZN4F,,2025-09-10T16:57:34.757+00:00,,Galileo,,Ticketed,TRUE,8QV0,Z8QV0GWS
DCZNCW,,2025-09-10T16:59:23.318+00:00,,Galileo,,Ticketed,TRUE,8JY1,ZXI7GWS
DCZMBJ,,2025-09-10T16:59:23.540+00:00,,Galileo,,Ticketed,TRUE,8JY1,ZXI7GWS
DCZNTV,,2025-09-10T17:00:13.686+00:00,,Galileo,,Ticketed,TRUE,7K1J,Z7K1JGWS
DCMTH5,,2025-09-10T16:59:50.028+00:00,,Galileo,,Ticketed,TRUE,D40,Z3HB3GWS
DCZPJQ,,2025-09-10T17:02:56.222+00:00,,Galileo,,Ticketed,TRUE,8JY1,Z8JY1GWS
DCZPBZ,,2025-09-10T17:02:15.699+00:00,,Galileo,,Ticketed,TRUE,8QV0,Z8QV0GWS
L41QQC,,2025-09-10T16:49:46.462+00:00,,Galileo,,Ticketed,TRUE,,
DCZQ3C,,2025-09-10T17:05:05.361+00:00,,Galileo,,Ticketed,TRUE,8QV0,Z8QV0GWS
DCZPTM,,2025-09-10T17:04:00.157+00:00,,Galileo,,Ticketed,TRUE,8QV0,Z8QV0GWS
DCZQ9N,,2025-09-10T17:05:48.912+00:00,,Galileo,,Ticketed,TRUE,8QV0,Z8QV0GWS
DCZQ74,,2025-09-10T17:05:29.313+00:00,,Galileo,,Ticketed,TRUE,8QV0,Z8QV0GWS
X7PJXW,,2025-09-10T16:58:18.381+00:00,,Galileo,,Ticketed,TRUE,,
DCZQJ6,,2025-09-10T17:06:39.031+00:00,,Galileo,,Ticketed,TRUE,8QV0,Z8QV0GWS
DCYPGG,,2025-09-10T17:06:02.207+00:00,,Galileo,,Ticketed,TRUE,D40,Z3HB3GWS
DCZQP4,,2025-09-10T17:07:19.313+00:00,,Galileo,,Ticketed,TRUE,8QV0,Z8QV0GWS
DCZQRJ,,2025-09-10T17:07:40.097+00:00,,Galileo,,Ticketed,TRUE,7K1J,Z7K1JGWS
DCZQVQ,,2025-09-10T17:08:04.273+00:00,,Galileo,,Ticketed,TRUE,7K1J,Z7K1JGWS
DCZQSL,,2025-09-10T17:07:47.860+00:00,,Galileo,,Ticketed,TRUE,8JY1,Z8JY1GWS
DCZQZS,,2025-09-10T17:08:35.977+00:00,,Galileo,,Ticketed,TRUE,8QV0,Z8QV0GWS
DCZQWL,,2025-09-10T17:08:12.029+00:00,,Galileo,,Ticketed,TRUE,8JY1,Z8JY1GWS
DCZR2Q,,2025-09-10T17:09:00.277+00:00,,Galileo,,Ticketed,TRUE,8JY1,Z8JY1GWS
DCZR69,,2025-09-10T17:09:28.938+00:00,,Galileo,,Ticketed,TRUE,WV5,ZWV5GWS
DCZRLV,,2025-09-10T17:11:03.109+00:00,,Galileo,,Ticketed,TRUE,8JY1,Z8JY1GWS
DCZRRQ,,2025-09-10T17:11:34.996+00:00,,Galileo,,Ticketed,TRUE,WV5,ZWV5GWS
DCZRTP,,2025-09-10T17:11:48.951+00:00,,Galileo,,Ticketed,TRUE,8JY1,Z8JY1GWS
DCZS0G,,2025-09-10T17:12:31.230+00:00,,Galileo,,Ticketed,TRUE,WV5,ZWV5GWS
DCZRFC,,2025-09-10T17:12:44.745+00:00,,Galileo,,Ticketed,TRUE,D40,ZWV5GWS
UB6H9X,,2025-09-10T17:03:34.272+00:00,,Galileo,,Ticketed,TRUE,,
P7JQNW,,2025-09-10T17:05:18.936+00:00,,Galileo,,Ticketed,TRUE,,
DCZS7Z,,2025-09-10T17:13:27.873+00:00,,Galileo,,Ticketed,TRUE,8JY1,Z8JY1GWS
DCZSD8,,2025-09-10T17:13:59.752+00:00,,Galileo,,Ticketed,TRUE,8QV0,Z8QV0GWS
DCZS86,,2025-09-10T17:13:31.431+00:00,,Galileo,,Ticketed,TRUE,8QV0,Z8QV0GWS
DCZSFJ,,2025-09-10T17:14:07.168+00:00,,Galileo,,Ticketed,TRUE,8QV0,Z8QV0GWS
DCZSM2,,2025-09-10T17:14:49.540+00:00,,Galileo,,Ticketed,TRUE,8JY1,Z8JY1GWS
DCZSM7,,2025-09-10T17:14:50.773+00:00,,Galileo,,Ticketed,TRUE,7K1J,Z7K1JGWS
DCZSYC,,2025-09-10T17:16:00.595+00:00,,Galileo,,Ticketed,TRUE,8JY1,Z8JY1GWS
DCZS8X,,2025-09-10T17:15:03.222+00:00,,Galileo,,Ticketed,TRUE,8JY1,ZXI7GWS
DCZT9W,,2025-09-10T17:17:18.689+00:00,,Galileo,,Ticketed,TRUE,WV5,ZWV5GWS
DCZTF7,,2025-09-10T17:17:41.458+00:00,,Galileo,,Ticketed,TRUE,7K1J,Z7K1JGWS
DCZTJ9,,2025-09-10T17:18:05.541+00:00,,Galileo,,Ticketed,TRUE,7K1J,Z7K1JGWS
DCZTNW,,2025-09-10T17:18:45.452+00:00,,Galileo,,Ticketed,TRUE,8QV0,Z8QV0GWS
DCZTK4,,2025-09-10T17:18:11.747+00:00,,Galileo,,Ticketed,TRUE,8QV0,Z8QV0GWS
DCZTQD,,2025-09-10T17:18:57.330+00:00,,Galileo,,Ticketed,TRUE,7K1J,Z7K1JGWS
DCZTL7,,2025-09-10T17:19:42.443+00:00,,Galileo,,Ticketed,TRUE,D40,Z3HB3GWS
DCZTYX,,2025-09-10T17:19:53.961+00:00,,Galileo,,Ticketed,TRUE,WV5,ZWV5GWS
DCZRT9,,2025-09-10T17:20:13.663+00:00,,Galileo,,Ticketed,TRUE,8JY1,ZXI7GWS
DD02YB,,2025-09-10T17:52:56.919+00:00,,Galileo,,Ticketed,TRUE,7K1J,Z7K1JGWS
DCZV4P,,2025-09-10T17:20:41.287+00:00,,Galileo,,Ticketed,TRUE,8QV0,Z8QV0GWS
DCZV82,,2025-09-10T17:21:11.826+00:00,,Galileo,,Ticketed,TRUE,WV5,ZWV5GWS
DCZVFD,,2025-09-10T17:21:53.866+00:00,,Galileo,,Ticketed,TRUE,8QV0,Z8QV0GWS
DCZW87,,2025-09-10T17:25:13.697+00:00,,Galileo,,Ticketed,TRUE,8QV0,Z8QV0GWS
DCZW2V,,2025-09-10T17:24:23.243+00:00,,Galileo,,Ticketed,TRUE,8JY1,Z8JY1GWS
DCZW83,,2025-09-10T17:25:11.438+00:00,,Galileo,,Ticketed,TRUE,8QV0,Z8QV0GWS
DCZWRH,,2025-09-10T17:27:12.476+00:00,,Galileo,,Ticketed,TRUE,8QV0,Z8QV0GWS
DCZWST,,2025-09-10T17:27:20.927+00:00,,Galileo,,Ticketed,TRUE,8QV0,Z8QV0GWS
DCZWVQ,,2025-09-10T17:27:37.575+00:00,,Galileo,,Ticketed,TRUE,7K1J,Z7K1JGWS
DCZW3B,,2025-09-10T17:28:03.803+00:00,,Galileo,,Ticketed,TRUE,D40,Z3HB3GWS
DCZWMZ,,2025-09-10T17:28:44.826+00:00,,Galileo,,Ticketed,TRUE,8JY1,ZXI7GWS
DCZX31,,2025-09-10T17:28:25.775+00:00,,Galileo,,Ticketed,TRUE,8JY1,Z8JY1GWS
DCZXH3,,2025-09-10T17:30:06.479+00:00,,Galileo,,Ticketed,TRUE,7K1J,Z7K1JGWS
DCZXSX,,2025-09-10T17:31:15.136+00:00,,Galileo,,Ticketed,TRUE,7K1J,Z7K1JGWS
DCZXPZ,,2025-09-10T17:30:54.592+00:00,,Galileo,,Ticketed,TRUE,8QV0,Z8QV0GWS
DCZXTL,,2025-09-10T17:31:20.043+00:00,,Galileo,,Ticketed,TRUE,8QV0,Z8QV0GWS
DCZX8C,,2025-09-10T17:31:45.203+00:00,,Galileo,,Ticketed,TRUE,8JY1,ZXI7GWS
DCZXYR,,2025-09-10T17:31:56.415+00:00,,Galileo,,Ticketed,TRUE,7K1J,Z7K1JGWS
DCZY4M,,2025-09-10T17:32:43.083+00:00,,Galileo,,Ticketed,TRUE,8JY1,Z8JY1GWS
DCZYT8,,2025-09-10T17:35:30.767+00:00,,Galileo,,Ticketed,TRUE,WV5,ZWV5GWS
DCZZ29,,2025-09-10T17:36:34.283+00:00,,Galileo,,Ticketed,TRUE,7K1J,Z7K1JGWS
DCZZ2L,,2025-09-10T17:36:36.127+00:00,,Galileo,,Ticketed,TRUE,8QV0,Z8QV0GWS
DCZZ0L,,2025-09-10T17:36:20.598+00:00,,Galileo,,Ticketed,TRUE,8QV0,Z8QV0GWS
DCZZB8,,2025-09-10T17:37:34.182+00:00,,Galileo,,Ticketed,TRUE,8QV0,Z8QV0GWS
DCZZC7,,2025-09-10T17:37:40.571+00:00,,Galileo,,Ticketed,TRUE,8QV0,Z8QV0GWS
DCZZNB,,2025-09-10T17:38:59.084+00:00,,Galileo,,Ticketed,TRUE,8QV0,Z8QV0GWS
DCZZS6,,2025-09-10T17:39:25.627+00:00,,Galileo,,Ticketed,TRUE,8JY1,Z8JY1GWS
DCZZQ5,,2025-09-10T17:39:12.722+00:00,,Galileo,,Ticketed,TRUE,8QV0,Z8QV0GWS
DCZZYB,,2025-09-10T17:40:09.880+00:00,,Galileo,,Ticketed,TRUE,8QV0,Z8QV0GWS
DD0047,,2025-09-10T17:40:58.571+00:00,,Galileo,,Ticketed,TRUE,8QV0,Z8QV0GWS
DD0067,,2025-09-10T17:41:13.527+00:00,,Galileo,,Ticketed,TRUE,8QV0,Z8QV0GWS
DD00KY,,2025-09-10T17:42:47.366+00:00,,Galileo,,Ticketed,TRUE,WV5,ZWV5GWS
DD00CH,,2025-09-10T17:41:54.846+00:00,,Galileo,,Ticketed,TRUE,8JY1,Z8JY1GWS
DD00H9,,2025-09-10T17:42:26.227+00:00,,Galileo,,Ticketed,TRUE,WV5,ZWV5GWS
DD00RF,,2025-09-10T17:43:26.885+00:00,,Galileo,,Ticketed,TRUE,7K1J,Z7K1JGWS
DD01GM,,2025-09-10T17:46:21.413+00:00,,Galileo,,Ticketed,TRUE,8JY1,Z8JY1GWS
DD0128,,2025-09-10T17:44:43.780+00:00,,Galileo,,Ticketed,TRUE,8QV0,Z8QV0GWS
DD01NS,,2025-09-10T17:47:17.856+00:00,,Galileo,,Ticketed,TRUE,WV5,ZWV5GWS
DD01W4,,2025-09-10T17:48:15.621+00:00,,Galileo,,Ticketed,TRUE,8QV0,Z8QV0GWS
DD02CG,,2025-09-10T17:50:23.854+00:00,,Galileo,,Ticketed,TRUE,7K1J,Z7K1JGWS
DD02LF,,2025-09-10T17:51:24.954+00:00,,Galileo,,Ticketed,TRUE,7K1J,Z7K1JGWS
DD01TX,,2025-09-10T17:48:02.837+00:00,,Galileo,,Ticketed,TRUE,8QV0,Z8QV0GWS
DD02TP,,2025-09-10T17:52:24.375+00:00,,Galileo,,Ticketed,TRUE,8JY1,Z8JY1GWS
DD0C7Y,,2025-09-10T18:31:34.050+00:00,,Galileo,,Ticketed,TRUE,8QV0,Z8QV0GWS
DD0253,,2025-09-10T17:53:26.785+00:00,,Galileo,,Ticketed,TRUE,8JY1,ZXI7GWS
DD033Z,,2025-09-10T17:53:40.588+00:00,,Galileo,,Ticketed,TRUE,8QV0,Z8QV0GWS
DD036P,,2025-09-10T17:54:03.650+00:00,,Galileo,,Ticketed,TRUE,8QV0,Z8QV0GWS
DD03QX,,2025-09-10T17:56:11.874+00:00,,Galileo,,Ticketed,TRUE,8QV0,Z8QV0GWS
DD03TR,,2025-09-10T17:56:36.314+00:00,,Galileo,,Ticketed,TRUE,8JY1,Z8JY1GWS
DD045C,,2025-09-10T17:58:09.481+00:00,,Galileo,,Ticketed,TRUE,8JY1,Z8JY1GWS
LVB5YB,,2025-09-10T17:39:40.113+00:00,,Galileo,,Ticketed,TRUE,,
DD04CF,,2025-09-10T17:58:56.729+00:00,,Galileo,,Ticketed,TRUE,8JY1,Z8JY1GWS
DD04D6,,2025-09-10T17:59:02.275+00:00,,Galileo,,Ticketed,TRUE,7K1J,Z7K1JGWS
DD04DT,,2025-09-10T17:59:10.622+00:00,,Galileo,,Ticketed,TRUE,7K1J,Z7K1JGWS
DD04F7,,2025-09-10T17:59:16.933+00:00,,Galileo,,Ticketed,TRUE,8QV0,Z8QV0GWS
DD04GT,,2025-09-10T17:59:30.379+00:00,,Galileo,,Ticketed,TRUE,WV5,ZWV5GWS
U459WF,,2025-09-10T17:43:47.544+00:00,,Galileo,,Ticketed,TRUE,,
DD04K2,,2025-09-10T17:59:48.729+00:00,,Galileo,,Ticketed,TRUE,8QV0,Z8QV0GWS
DD0508,,2025-09-10T18:01:53.947+00:00,,Galileo,,Ticketed,TRUE,8QV0,Z8QV0GWS
DD04PT,,2025-09-10T18:00:32.182+00:00,,Galileo,,Ticketed,TRUE,8JY1,Z8JY1GWS
DD0523,,2025-09-10T18:02:11.591+00:00,,Galileo,,Ticketed,TRUE,8QV0,Z8QV0GWS
DD0596,,2025-09-10T18:03:11.021+00:00,,Galileo,,Ticketed,TRUE,WV5,ZWV5GWS
DD05F5,,2025-09-10T18:03:44.053+00:00,,Galileo,,Ticketed,TRUE,8QV0,Z8QV0GWS
DD05WJ,,2025-09-10T18:05:50.784+00:00,,Galileo,,Ticketed,TRUE,8JY1,Z8JY1GWS
DD05WW,,2025-09-10T18:05:55.115+00:00,,Galileo,,Ticketed,TRUE,8QV0,Z8QV0GWS
DD05XT,,2025-09-10T18:06:03.832+00:00,,Galileo,,Ticketed,TRUE,8QV0,Z8QV0GWS
DD05ZD,,2025-09-10T18:06:20.424+00:00,,Galileo,,Ticketed,TRUE,8QV0,Z8QV0GWS
DD01RS,,2025-09-10T18:06:24.909+00:00,,Galileo,,Ticketed,TRUE,8JY1,ZXI7GWS
J82MST,,2025-09-10T17:51:34.851+00:00,,Galileo,,Ticketed,TRUE,,
DD06M5,,2025-09-10T18:09:18.655+00:00,,Galileo,,Ticketed,TRUE,8JY1,Z8JY1GWS
DD06VM,,2025-09-10T18:10:25.390+00:00,,Galileo,,Ticketed,TRUE,WV5,ZWV5GWS
DD070Q,,2025-09-10T18:11:17.274+00:00,,Galileo,,Ticketed,TRUE,7K1J,Z7K1JGWS
DD079P,,2025-09-10T18:12:36.564+00:00,,Galileo,,Ticketed,TRUE,8QV0,Z8QV0GWS
DD070R,,2025-09-10T18:11:17.455+00:00,,Galileo,,Ticketed,TRUE,8JY1,Z8JY1GWS
DD07GM,,2025-09-10T18:13:26.169+00:00,,Galileo,,Ticketed,TRUE,WV5,ZWV5GWS
DD07H9,,2025-09-10T18:13:31.168+00:00,,Galileo,,Ticketed,TRUE,8QV0,Z8QV0GWS
DD07LN,,2025-09-10T18:14:02.769+00:00,,Galileo,,Ticketed,TRUE,8JY1,Z8JY1GWS
DD0743,,2025-09-10T18:14:14.852+00:00,,Galileo,,Ticketed,TRUE,8JY1,ZXI7GWS
DD07P1,,2025-09-10T18:14:25.150+00:00,,Galileo,,Ticketed,TRUE,8QV0,Z8QV0GWS
DD082Z,,2025-09-10T18:16:24.439+00:00,,Galileo,,Ticketed,TRUE,8QV0,Z8QV0GWS
DD083F,,2025-09-10T18:16:27.962+00:00,,Galileo,,Ticketed,TRUE,8QV0,Z8QV0GWS
DD087Q,,2025-09-10T18:17:07.682+00:00,,Galileo,,Ticketed,TRUE,8QV0,Z8QV0GWS
DD087G,,2025-09-10T18:17:06.005+00:00,,Galileo,,Ticketed,TRUE,WV5,ZWV5GWS
DD08L3,,2025-09-10T18:18:32.836+00:00,,Galileo,,Ticketed,TRUE,8JY1,Z8JY1GWS
DD08PS,,2025-09-10T18:19:07.475+00:00,,Galileo,,Ticketed,TRUE,8QV0,Z8QV0GWS
DD08NX,,2025-09-10T18:18:58.495+00:00,,Galileo,,Ticketed,TRUE,8QV0,Z8QV0GWS
DD08QL,,2025-09-10T18:19:15.585+00:00,,Galileo,,Ticketed,TRUE,8QV0,Z8QV0GWS
DD08WR,,2025-09-10T18:20:11.162+00:00,,Galileo,,Ticketed,TRUE,WV5,ZWV5GWS
DD08HG,,2025-09-10T18:18:10.136+00:00,,Galileo,,Ticketed,TRUE,7K1J,Z7K1JGWS
DD09W6,,2025-09-10T18:25:04.805+00:00,,Galileo,,Ticketed,TRUE,8QV0,Z8QV0GWS
DD09L9,,2025-09-10T18:23:36.292+00:00,,Galileo,,Ticketed,TRUE,8QV0,Z8QV0GWS
DD09Y1,,2025-09-10T18:25:23.814+00:00,,Galileo,,Ticketed,TRUE,8JY1,Z8JY1GWS
DD0B39,,2025-09-10T18:26:17.107+00:00,,Galileo,,Ticketed,TRUE,8QV0,Z8QV0GWS
DD0BHQ,,2025-09-10T18:28:11.486+00:00,,Galileo,,Ticketed,TRUE,8JY1,Z8JY1GWS
DD0B88,,2025-09-10T18:26:58.887+00:00,,Galileo,,Ticketed,TRUE,8JY1,Z8JY1GWS
DD0C2P,,2025-09-10T18:30:51.061+00:00,,Galileo,,Ticketed,TRUE,7K1J,Z7K1JGWS
DD0BN7,,2025-09-10T18:28:50.468+00:00,,Galileo,,Ticketed,TRUE,8QV0,Z8QV0GWS
DD0MHZ,,2025-09-10T19:14:08.292+00:00,,Galileo,,Ticketed,TRUE,8JY1,Z8JY1GWS
DD0CFS,,2025-09-10T18:32:35.206+00:00,,Galileo,,Ticketed,TRUE,WV5,ZWV5GWS
DD0CC0,,2025-09-10T18:32:05.247+00:00,,Galileo,,Ticketed,TRUE,8QV0,Z8QV0GWS
DD0CLF,,2025-09-10T18:33:20.712+00:00,,Galileo,,Ticketed,TRUE,8QV0,Z8QV0GWS
DD0CRS,,2025-09-10T18:34:04.742+00:00,,Galileo,,Ticketed,TRUE,WV5,ZWV5GWS
DD0CW7,,2025-09-10T18:34:34.843+00:00,,Galileo,,Ticketed,TRUE,8JY1,Z8JY1GWS
DD0D0K,,2025-09-10T18:35:16.421+00:00,,Galileo,,Ticketed,TRUE,8QV0,Z8QV0GWS
DD0D2P,,2025-09-10T18:35:35.529+00:00,,Galileo,,Ticketed,TRUE,7K1J,Z7K1JGWS
DD0D43,,2025-09-10T18:35:47.419+00:00,,Galileo,,Ticketed,TRUE,8QV0,Z8QV0GWS
DD0D4G,,2025-09-10T18:35:51.340+00:00,,Galileo,,Ticketed,TRUE,WV5,ZWV5GWS
DD0D4B,,2025-09-10T18:35:52.965+00:00,,Galileo,,Ticketed,TRUE,8QV0,Z8QV0GWS
DD0DBZ,,2025-09-10T18:36:51.551+00:00,,Galileo,,Ticketed,TRUE,8QV0,Z8QV0GWS
DD0DS5,,2025-09-10T18:38:58.379+00:00,,Galileo,,Ticketed,TRUE,8QV0,Z8QV0GWS
DD0DSW,,2025-09-10T18:39:06.519+00:00,,Galileo,,Ticketed,TRUE,8QV0,Z8QV0GWS
DD0DZL,,2025-09-10T18:39:58.370+00:00,,Galileo,,Ticketed,TRUE,8QV0,Z8QV0GWS
DD0F4Q,,2025-09-10T18:40:45.674+00:00,,Galileo,,Ticketed,TRUE,8JY1,Z8JY1GWS
DD0G62,,2025-09-10T18:48:00.111+00:00,,Galileo,,Ticketed,TRUE,8QV0,Z8QV0GWS
DD0G9H,,2025-09-10T18:46:32.434+00:00,,Galileo,,Ticketed,TRUE,7K1J,Z7K1JGWS
DD0FM7,,2025-09-10T18:43:01.464+00:00,,Galileo,,Ticketed,TRUE,8QV0,Z8QV0GWS
DD0GPD,,2025-09-10T18:48:24.848+00:00,,Galileo,,Ticketed,TRUE,WV5,ZWV5GWS
DD0H1G,,2025-09-10T18:50:08.859+00:00,,Galileo,,Ticketed,TRUE,8QV0,Z8QV0GWS
DD0H41,,2025-09-10T18:50:39.428+00:00,,Galileo,,Ticketed,TRUE,8QV0,Z8QV0GWS
DD0HHD,,2025-09-10T18:52:36.376+00:00,,Galileo,,Ticketed,TRUE,8QV0,Z8QV0GWS
DD0H5T,,2025-09-10T18:50:56.543+00:00,,Galileo,,Ticketed,TRUE,7K1J,Z7K1JGWS
DD0H39,,2025-09-10T18:50:29.337+00:00,,Galileo,,Ticketed,TRUE,WV5,ZWV5GWS
DD0HWY,,2025-09-10T18:54:41.629+00:00,,Galileo,,Ticketed,TRUE,8QV0,Z8QV0GWS
DD0J2Z,,2025-09-10T18:56:42.743+00:00,,Galileo,,Ticketed,TRUE,D40,Z3HB3GWS
DD0J8P,,2025-09-10T18:56:38.686+00:00,,Galileo,,Ticketed,TRUE,WV5,ZWV5GWS
DD0J97,,2025-09-10T18:56:43.839+00:00,,Galileo,,Ticketed,TRUE,8QV0,Z8QV0GWS
DD0JRS,,2025-09-10T18:59:20.822+00:00,,Galileo,,Ticketed,TRUE,8QV0,Z8QV0GWS
DD0KBG,,2025-09-10T19:02:23.361+00:00,,Galileo,,Ticketed,TRUE,WV5,ZWV5GWS
DD0K9J,,2025-09-10T19:02:15.675+00:00,,Galileo,,Ticketed,TRUE,8JY1,Z8JY1GWS
DD0KG1,,2025-09-10T19:02:55.832+00:00,,Galileo,,Ticketed,TRUE,7K1J,Z7K1JGWS
DD0KFC,,2025-09-10T19:02:49.505+00:00,,Galileo,,Ticketed,TRUE,8QV0,Z8QV0GWS
DD0KBJ,,2025-09-10T19:02:23.701+00:00,,Galileo,,Ticketed,TRUE,8JY1,Z8JY1GWS
DD0KK4,,2025-09-10T19:03:36.945+00:00,,Galileo,,Ticketed,TRUE,8QV0,Z8QV0GWS
DD0KM0,,2025-09-10T19:03:55.054+00:00,,Galileo,,Ticketed,TRUE,8QV0,Z8QV0GWS
DD0L0S,,2025-09-10T19:06:15.629+00:00,,Galileo,,Ticketed,TRUE,8QV0,Z8QV0GWS
DD0L2P,,2025-09-10T19:06:35.359+00:00,,Galileo,,Ticketed,TRUE,WV5,ZWV5GWS
DD0LRM,,2025-09-10T19:10:14.762+00:00,,Galileo,,Ticketed,TRUE,8JY1,Z8JY1GWS
DD0LCK,,2025-09-10T19:08:09.707+00:00,,Galileo,,Ticketed,TRUE,WV5,ZWV5GWS
DD0LVC,,2025-09-10T19:10:44.734+00:00,,Galileo,,Ticketed,TRUE,8QV0,Z8QV0GWS
DD0M1N,,2025-09-10T19:11:43.996+00:00,,Galileo,,Ticketed,TRUE,8JY1,Z8JY1GWS
DD0M49,,2025-09-10T19:12:13.122+00:00,,Galileo,,Ticketed,TRUE,8JY1,Z8JY1GWS
DD0MLY,,2025-09-10T19:14:40.446+00:00,,Galileo,,Ticketed,TRUE,WV5,ZWV5GWS
DD0MF2,,2025-09-10T19:13:36.136+00:00,,Galileo,,Ticketed,TRUE,8QV0,Z8QV0GWS
DD0MSK,,2025-09-10T19:15:34.116+00:00,,Galileo,,Ticketed,TRUE,8JY1,Z8JY1GWS
DD0MV9,,2025-09-10T19:15:53.230+00:00,,Galileo,,Ticketed,TRUE,WV5,ZWV5GWS
DD0MVL,,2025-09-10T19:15:56.595+00:00,,Galileo,,Ticketed,TRUE,8QV0,Z8QV0GWS
DD0N9K,,2025-09-10T19:18:20.164+00:00,,Galileo,,Ticketed,TRUE,8QV0,Z8QV0GWS
DD0NKT,,2025-09-10T19:19:51.243+00:00,,Galileo,,Ticketed,TRUE,8QV0,Z8QV0GWS
DD0NWG,,2025-09-10T19:21:36.758+00:00,,Galileo,,Ticketed,TRUE,WV5,ZWV5GWS
DD0P5C,,2025-09-10T19:23:11.899+00:00,,Galileo,,Ticketed,TRUE,8QV0,Z8QV0GWS
DD09QX,,2025-09-10T19:22:11.461+00:00,,Galileo,,Ticketed,TRUE,52AU,Z52AUGWS
DD0Q8H,,2025-09-10T19:29:57.442+00:00,,Galileo,,Ticketed,TRUE,WV5,ZWV5GWS
DD0QB5,,2025-09-10T19:30:21.623+00:00,,Galileo,,Ticketed,TRUE,8QV0,Z8QV0GWS
DD0QHC,,2025-09-10T19:31:18.276+00:00,,Galileo,,Ticketed,TRUE,8QV0,Z8QV0GWS
DD0QD4,,2025-09-10T19:31:35.392+00:00,,Galileo,,Ticketed,TRUE,8QV0,Z8QV0GWS
DD0QLH,,2025-09-10T19:31:50.962+00:00,,Galileo,,Ticketed,TRUE,8QV0,Z8QV0GWS
DD0R91,,2025-09-10T19:35:46.446+00:00,,Galileo,,Ticketed,TRUE,8QV0,Z8QV0GWS
YVINFB,,2025-09-10T19:05:30.291+00:00,,Galileo,,Ticketed,TRUE,,
DD0QNW,,2025-09-10T19:32:17.332+00:00,,Galileo,,Ticketed,TRUE,52AU,Z52AUGWS
R366PF,,2025-09-10T19:07:34.721+00:00,,Galileo,,Ticketed,TRUE,,
S4W6XC,,2025-09-10T19:25:52.215+00:00,,Galileo,,Ticketed,TRUE,,
DD0QT1,,2025-09-10T19:33:01.502+00:00,,Galileo,,Ticketed,TRUE,8QV0,Z8QV0GWS
DD0QZ3,,2025-09-10T19:37:11.181+00:00,,Galileo,,Ticketed,TRUE,8QV0,Z8QV0GWS
DD0LP8,,2025-09-10T19:09:45.039+00:00,,Galileo,,Ticketed,TRUE,8QV0,Z8QV0GWS
DD0RM2,,2025-09-10T19:37:44.097+00:00,,Galileo,,Ticketed,TRUE,WV5,ZWV5GWS
DD0J20,,2025-09-10T18:55:35.926+00:00,,Galileo,,Ticketed,TRUE,8QV0,Z8QV0GWS
DD0S7H,,2025-09-10T19:41:05.638+00:00,,Galileo,,Ticketed,TRUE,8QV0,Z8QV0GWS
DD0LVH,,2025-09-10T19:10:45.730+00:00,,Galileo,,Ticketed,TRUE,8QV0,Z8QV0GWS
DD0G02,,2025-09-10T18:45:02.666+00:00,,Galileo,,Ticketed,TRUE,8QV0,Z8QV0GWS
DD0SP2,,2025-09-10T19:43:39.970+00:00,,Galileo,,Ticketed,TRUE,8QV0,Z8QV0GWS
DD0SRR,,2025-09-10T19:44:18.090+00:00,,Galileo,,Ticketed,TRUE,8QV0,Z8QV0GWS
DD0RSK,,2025-09-10T19:38:49.316+00:00,,Galileo,,Ticketed,TRUE,WV5,ZWV5GWS
DD0T7Z,,2025-09-10T19:47:16.112+00:00,,Galileo,,Ticketed,TRUE,8QV0,Z8QV0GWS
DCMT7D,,2025-09-10T19:43:56.341+00:00,,Galileo,,Ticketed,TRUE,D40,Z3HB3GWS
DD0PXZ,,2025-09-10T19:47:59.659+00:00,,Galileo,,Ticketed,TRUE,8JY1,ZXI7GWS
DD0S93,,2025-09-10T19:41:20.198+00:00,,Galileo,,Ticketed,TRUE,WV5,ZWV5GWS
DD0TQ4,,2025-09-10T19:50:01.642+00:00,,Galileo,,Ticketed,TRUE,WV5,ZWV5GWS
DD0T74,,2025-09-10T19:49:33.886+00:00,,Galileo,,Ticketed,TRUE,8JY1,ZXI7GWS
DD0V99,,2025-09-10T19:53:36.349+00:00,,Galileo,,Ticketed,TRUE,8QV0,Z8QV0GWS
